2025.11.24,21:00,4132.630,4140.070,4130.157,4134.110,6068
2025.11.24,23:00,4134.347,4144.435,4125.162,4143.834,19086
2025.11.25,00:00,4143.826,4144.633,4127.636,4129.631,19429
2025.11.25,01:00,4129.583,4139.226,4122.548,4134.833,27595
2025.11.25,02:00,4134.778,4155.844,4132.760,4150.951,20480
2025.11.25,03:00,4150.999,4151.067,4139.584,4143.076,16748
2025.11.25,04:00,4143.050,4148.441,4139.477,4140.831,11412
2025.11.25,05:00,4140.869,4152.060,4140.869,4150.912,12401
2025.11.25,06:00,4150.945,4152.087,4138.566,4141.629,17970
2025.11.25,07:00,4141.595,4146.109,4130.301,4132.625,16610
2025.11.25,08:00,4132.577,4139.546,4109.180,4116.069,20417
2025.11.25,09:00,4116.182,4131.431,4113.838,4128.472,18599
2025.11.25,10:00,4128.445,4138.906,4127.528,4131.235,13811
2025.11.25,11:00,4131.203,4137.402,4127.761,4133.499,12522
2025.11.25,12:00,4133.536,4138.833,4116.021,4129.895,21460
2025.11.25,13:00,4129.930,4150.868,4129.416,4147.716,23362
2025.11.25,14:00,4147.746,4148.766,4111.058,4125.238,37341
2025.11.25,15:00,4125.290,4133.866,4117.929,4123.154,26131
2025.11.25,16:00,4123.116,4141.437,4122.132,4136.303,18286
2025.11.25,17:00,4136.278,4159.522,4136.001,4146.127,30981
2025.11.25,18:00,4146.160,4151.020,4132.561,4134.342,18594
2025.11.25,19:00,4134.384,4140.396,4128.480,4133.787,16180
2025.11.25,20:00,4133.821,4138.443,4130.522,4132.327,13743
2025.11.25,21:00,4132.281,4132.515,4127.653,4130.792,6679
2025.11.25,23:00,4132.719,4137.079,4129.802,4133.754,7235
2025.11.26,00:00,4133.833,4144.457,4132.619,4142.808,10642
2025.11.26,01:00,4142.847,4152.938,4138.520,4148.565,16479
2025.11.26,02:00,4148.518,4166.794,4147.279,4161.662,19320
2025.11.26,03:00,4161.655,4169.445,4160.371,4166.128,11313
2025.11.26,04:00,4166.086,4167.105,4156.529,4161.966,10012
2025.11.26,05:00,4162.014,4168.718,4160.120,4162.279,12421
2025.11.26,06:00,4162.249,4162.879,4146.622,4150.152,15270
2025.11.26,07:00,4150.184,4161.501,4149.259,4157.333,12340
2025.11.26,08:00,4157.304,4168.620,4154.756,4161.131,16578
2025.11.26,09:00,4161.139,4164.631,4156.638,4162.765,12274
2025.11.26,10:00,4162.799,4165.207,4156.162,4159.913,12962
2025.11.26,11:00,4159.954,4173.159,4157.787,4171.580,12535
2025.11.26,12:00,4171.601,4173.619,4148.768,4155.211,20797
2025.11.26,13:00,4155.290,4166.668,4149.076,4153.234,22359
2025.11.26,14:00,4153.298,4157.022,4139.848,4142.238,31052
2025.11.26,15:00,4142.209,4165.834,4136.532,4165.270,26478
2025.11.26,16:00,4165.310,4168.476,4160.710,4167.029,17373
2025.11.26,17:00,4167.061,4169.845,4165.115,4167.136,11739
2025.11.26,18:00,4167.179,4171.767,4158.047,4164.636,16947
2025.11.26,19:00,4164.680,4169.874,4162.395,4163.278,10434
2025.11.26,20:00,4163.329,4167.520,4161.348,4164.030,11345
2025.11.26,21:00,4164.069,4167.590,4162.243,4163.995,5501
2025.11.26,23:00,4164.706,4168.968,4162.619,4165.036,7032
2025.11.27,00:00,4164.989,4167.337,4161.959,4164.614,6838
2025.11.27,01:00,4164.593,4165.463,4148.750,4154.298,19669
2025.11.27,02:00,4154.332,4156.239,4144.515,4145.431,13789
2025.11.27,03:00,4145.534,4150.660,4144.169,4147.488,9996
2025.11.27,04:00,4147.444,4154.624,4142.625,4150.923,9445
2025.11.27,05:00,4150.879,4154.667,4144.776,4147.247,9636
2025.11.27,06:00,4147.211,4159.209,4147.132,4157.496,13085
2025.11.27,07:00,4157.471,4162.276,4155.544,4160.033,12979
2025.11.27,08:00,4160.083,4167.205,4159.619,4165.826,11636
2025.11.27,09:00,4165.787,4165.890,4148.285,4158.720,14498
2025.11.27,10:00,4158.754,4160.628,4152.312,4156.503,10409
2025.11.27,11:00,4156.456,4162.542,4155.806,4157.376,8447
2025.11.27,12:00,4157.429,4159.220,4153.541,4154.151,7210
2025.11.27,13:00,4154.176,4158.054,4149.175,4155.000,15632
2025.11.27,14:00,4155.055,4160.746,4152.748,4153.425,12640
2025.11.27,15:00,4153.375,4161.884,4153.012,4158.015,8734
2025.11.27,16:00,4158.029,4158.394,4151.467,4156.402,7238
2025.11.27,17:00,4156.428,4159.230,4154.726,4157.729,4638
2025.11.27,18:00,4157.722,4159.817,4155.874,4159.170,3886
2025.11.27,19:00,4159.178,4160.394,4157.140,4157.140,1822
2025.11.27,23:01,4160.437,4164.070,4158.323,4163.455,4653
2025.11.28,00:00,4163.395,4183.471,4163.167,4180.600,13638
2025.11.28,01:00,4180.550,4193.070,4180.550,4191.104,14221
2025.11.28,02:00,4191.071,4192.081,4185.771,4189.512,9107
2025.11.28,03:00,4189.562,4191.855,4182.821,4184.251,5376
2025.11.28,04:00,4184.256,4188.704,4178.540,4188.407,7033
2025.11.28,05:00,4188.406,4188.886,4156.073,4182.573,9561
2025.11.28,06:00,4182.530,4188.708,4181.796,4187.579,4692
2025.11.28,07:00,4187.588,4187.795,4174.276,4174.655,3379
2025.11.28,08:00,4174.659,4180.387,4147.816,4168.593,304
2025.11.28,09:00,4169.072,4170.070,4157.754,4166.691,41892
2025.11.28,10:00,4166.700,4178.464,4160.951,4163.922,4827
2025.11.28,11:00,4163.853,4179.943,4163.020,4172.043,9426
2025.11.28,12:00,4172.004,4178.229,4168.736,4176.642,5006
2025.11.28,13:00,4176.646,4182.848,4168.956,4182.559,8196
2025.11.28,14:00,4182.534,4209.019,4182.534,4198.225,23719
2025.11.28,15:00,4198.257,4203.998,4185.650,4203.572,20591
2025.11.28,16:00,4203.599,4210.830,4197.586,4206.213,16453
2025.11.28,17:00,4206.237,4216.979,4204.385,4216.918,14065
2025.11.28,18:00,4216.894,4226.503,4211.067,4220.449,14279
2025.11.28,19:00,4220.440,4222.067,4216.145,4219.202,6734
2025.11.30,23:01,4219.911,4225.307,4205.849,4221.957,15793
2025.12.01,00:00,4221.930,4233.741,4218.283,4230.885,14480
2025.12.01,01:00,4230.861,4256.174,4219.732,4255.364,30340
2025.12.01,02:00,4255.338,4256.471,4234.296,4242.736,23268
2025.12.01,03:00,4242.799,4243.892,4232.574,4239.374,16464
2025.12.01,04:00,4239.367,4247.013,4236.366,4245.694,9463
2025.12.01,05:00,4245.718,4246.558,4215.458,4229.588,24118
2025.12.01,06:00,4229.616,4240.584,4226.244,4237.009,13920
2025.12.01,07:00,4237.046,4246.446,4231.901,4245.344,12694
2025.12.01,08:00,4245.310,4253.575,4238.475,4244.738,14271
2025.12.01,09:00,4244.770,4251.725,4243.701,4250.026,11228
2025.12.01,10:00,4249.958,4262.349,4249.183,4255.616,13870
2025.12.01,11:00,4255.592,4258.444,4248.342,4254.658,11004
2025.12.01,12:00,4254.663,4256.553,4244.300,4246.532,15000
2025.12.01,13:00,4246.506,4264.586,4245.522,4247.328,21372
2025.12.01,14:00,4247.354,4249.367,4219.700,4240.249,34147
2025.12.01,15:00,4240.209,4245.048,4219.598,4232.589,34171
2025.12.01,16:00,4232.613,4242.349,4224.957,4226.257,30644
2025.12.01,17:00,4226.236,4240.094,4223.151,4232.456,25414
2025.12.01,18:00,4232.498,4244.720,4232.498,4240.251,18514
2025.12.01,19:00,4240.283,4243.835,4229.195,4236.875,18652
2025.12.01,20:00,4236.843,4241.592,4234.450,4237.387,14852
2025.12.01,21:00,4237.349,4240.689,4230.328,4231.938,7519
2025.12.01,23:00,4231.686,4236.034,4224.447,4227.674,12744
2025.12.02,00:00,4227.703,4229.790,4221.461,4226.978,14096
2025.12.02,01:00,4226.868,4227.423,4191.474,4219.635,37914
2025.12.02,02:00,4219.576,4224.660,4214.315,4221.546,17005
2025.12.02,03:00,4221.581,4226.324,4215.779,4216.954,13171
2025.12.02,04:00,4216.837,4220.620,4213.610,4218.792,10380
2025.12.02,05:00,4218.733,4225.465,4215.206,4224.955,12938
2025.12.02,06:00,4224.987,4226.293,4203.282,4212.769,18943
2025.12.02,07:00,4212.743,4219.364,4209.622,4213.331,11869
2025.12.02,08:00,4213.410,4217.237,4207.130,4210.284,13194
2025.12.02,09:00,4210.319,4213.223,4180.969,4191.830,21806
2025.12.02,10:00,4191.816,4192.351,4182.265,4185.738,14341
2025.12.02,11:00,4185.706,4205.885,4184.863,4205.321,11107
2025.12.02,12:00,4205.278,4209.915,4201.079,4208.702,10465
2025.12.02,13:00,4208.704,4215.295,4202.026,4212.307,20746
2025.12.02,14:00,4212.281,4230.883,4212.210,4218.883,36707
2025.12.02,15:00,4218.846,4219.594,4163.575,4169.450,48107
2025.12.02,16:00,4169.489,4190.385,4166.891,4184.712,33370
2025.12.02,17:00,4184.746,4197.077,4184.609,4193.865,18706
2025.12.02,18:00,4193.833,4196.947,4183.209,4190.840,17275
2025.12.02,19:00,4190.785,4200.717,4190.785,4196.544,12296
2025.12.02,20:00,4196.581,4212.445,4194.894,4210.073,12979
2025.12.02,21:00,4210.042,4211.804,4205.466,4205.838,5600
2025.12.02,23:00,4207.726,4216.306,4202.786,4212.900,15119
2025.12.03,00:00,4212.937,4213.043,4204.413,4211.828,14475
2025.12.03,01:00,4211.872,4221.189,4211.553,4214.448,22059
2025.12.03,02:00,4214.400,4228.888,4214.178,4226.616,15400
2025.12.03,03:00,4226.639,4227.621,4220.067,4221.268,10228
2025.12.03,04:00,4221.206,4225.452,4217.309,4222.416,7490
2025.12.03,05:00,4222.311,4223.944,4203.251,4207.889,20288
2025.12.03,06:00,4207.869,4211.906,4204.731,4208.200,17203
2025.12.03,07:00,4208.240,4210.243,4199.983,4206.477,14885
2025.12.03,08:00,4206.506,4210.349,4203.720,4206.444,14313
2025.12.03,09:00,4206.473,4207.548,4197.003,4202.062,12728
2025.12.03,10:00,4202.020,4204.805,4194.504,4200.563,13271
2025.12.03,11:00,4200.521,4209.231,4197.005,4208.588,10362
2025.12.03,12:00,4208.561,4214.354,4205.073,4213.602,11250
2025.12.03,13:00,4213.633,4238.842,4211.377,4237.181,23212
2025.12.03,14:00,4237.280,4241.603,4205.176,4212.584,47877
2025.12.03,15:00,4212.533,4229.490,4206.169,4216.366,28072
2025.12.03,16:00,4216.331,4224.988,4195.782,4200.827,27600
2025.12.03,17:00,4200.785,4215.527,4200.237,4210.992,19027
2025.12.03,18:00,4211.102,4211.586,4195.229,4197.010,20815
2025.12.03,19:00,4197.041,4209.996,4196.998,4207.896,11613
2025.12.03,20:00,4207.854,4212.772,4203.623,4206.167,10757
2025.12.03,21:00,4206.135,4210.149,4202.740,4202.742,7207
2025.12.03,23:00,4205.141,4209.032,4202.419,4207.189,7978
2025.12.04,00:00,4207.126,4215.871,4204.361,4211.643,10079
2025.12.04,01:00,4211.619,4216.866,4205.777,4209.177,19468
2025.12.04,02:00,4209.129,4209.252,4198.879,4200.516,15486
2025.12.04,03:00,4200.579,4201.666,4187.289,4195.875,15802
2025.12.04,04:00,4195.792,4199.131,4192.815,4196.997,8351
2025.12.04,05:00,4196.920,4199.073,4174.858,4181.099,20637
2025.12.04,06:00,4181.076,4190.256,4178.548,4190.142,20565
2025.12.04,07:00,4190.123,4195.042,4186.483,4193.771,13221
2025.12.04,08:00,4193.737,4196.378,4184.713,4184.847,16339
2025.12.04,09:00,4184.871,4202.339,4183.677,4199.907,14655
2025.12.04,10:00,4199.838,4202.711,4196.605,4197.334,10711
2025.12.04,11:00,4197.309,4206.549,4197.211,4198.604,10132
2025.12.04,12:00,4198.649,4201.745,4188.740,4190.530,13845
2025.12.04,13:00,4190.490,4198.353,4185.499,4198.325,22583
2025.12.04,14:00,4198.295,4213.610,4193.657,4201.431,32585
2025.12.04,15:00,4201.477,4210.297,4191.317,4207.544,28271
2025.12.04,16:00,4207.517,4219.510,4206.698,4215.735,19460
2025.12.04,17:00,4215.765,4217.604,4208.993,4216.497,12727
2025.12.04,18:00,4216.472,4217.444,4207.372,4208.056,12794
2025.12.04,19:00,4208.016,4210.210,4199.623,4208.939,14534
2025.12.04,20:00,4208.987,4210.333,4205.465,4209.941,9177
2025.12.04,21:00,4209.852,4210.344,4207.920,4208.625,3917
2025.12.04,23:00,4208.539,4209.778,4203.913,4206.103,7989
2025.12.05,00:00,4206.101,4210.550,4201.244,4201.715,9101
2025.12.05,01:00,4201.690,4204.405,4194.848,4203.132,16307
2025.12.05,02:00,4203.052,4208.365,4196.737,4207.330,12461
2025.12.05,03:00,4207.354,4210.977,4201.850,4209.581,10526
2025.12.05,04:00,4209.568,4217.420,4207.868,4216.773,8817
2025.12.05,05:00,4216.731,4221.363,4214.323,4220.532,11035
2025.12.05,06:00,4220.460,4229.353,4218.629,4224.533,14901
2025.12.05,07:00,4224.684,4230.714,4222.543,4224.459,9691
2025.12.05,08:00,4224.408,4227.112,4220.542,4220.635,9941
2025.12.05,09:00,4220.596,4225.081,4215.963,4223.392,9721
2025.12.05,10:00,4223.320,4227.577,4222.534,4222.942,6642
2025.12.05,11:00,4222.904,4225.695,4219.978,4223.717,6986
2025.12.05,12:00,4223.746,4229.700,4222.895,4228.720,10090
2025.12.05,13:00,4228.699,4239.058,4221.548,4234.629,22160
2025.12.05,14:00,4234.598,4245.710,4228.301,4242.022,25079
2025.12.05,15:00,4242.263,4259.264,4234.198,4243.504,29958
2025.12.05,16:00,4243.560,4245.722,4198.675,4214.187,54773
2025.12.05,17:00,4214.155,4219.969,4206.290,4217.487,21345
2025.12.05,18:00,4217.458,4219.271,4206.723,4208.857,16794
2025.12.05,19:00,4208.893,4210.867,4202.310,4207.673,12813
2025.12.05,20:00,4207.714,4207.868,4199.318,4202.261,23960
2025.12.05,21:00,4202.303,4202.692,4191.887,4198.546,13400
2025.12.07,23:01,4202.486,4208.875,4190.061,4201.413,2185
2025.12.08,00:00,4201.457,4211.666,4199.485,4210.867,9124
2025.12.08,01:00,4210.937,4211.926,4197.535,4201.147,20096
2025.12.08,02:00,4201.106,4212.454,4198.472,4208.538,13223
2025.12.08,03:00,4208.414,4213.463,4206.751,4210.067,8655
2025.12.08,04:00,4210.071,4213.283,4206.960,4208.553,5525
2025.12.08,05:00,4208.563,4217.279,4204.627,4217.033,9222
2025.12.08,06:00,4217.074,4218.987,4212.261,4217.025,9796
2025.12.08,07:00,4217.068,4217.396,4206.293,4206.888,10001
2025.12.08,08:00,4206.887,4216.555,4203.184,4209.907,11346
2025.12.08,09:00,4209.796,4212.747,4204.114,4208.013,9611
2025.12.08,10:00,4207.982,4210.295,4200.959,4203.585,8586
2025.12.08,11:00,4203.539,4214.059,4199.673,4208.451,8568
2025.12.08,12:00,4208.419,4215.541,4208.402,4213.748,8117
2025.12.08,13:00,4213.834,4214.792,4197.647,4201.677,19679
2025.12.08,14:00,4201.663,4211.623,4195.556,4196.735,24171
2025.12.08,15:00,4196.764,4196.914,4176.161,4182.945,28882
2025.12.08,16:00,4182.915,4197.915,4177.142,4191.616,16941
2025.12.08,17:00,4191.653,4195.587,4185.552,4194.834,10735
2025.12.08,18:00,4194.873,4195.664,4184.532,4187.295,10325
2025.12.08,19:00,4187.315,4188.864,4184.218,4187.081,8535
2025.12.08,20:00,4187.041,4195.521,4184.951,4191.540,7975
2025.12.08,21:00,4191.561,4193.212,4188.287,4190.637,3650
2025.12.08,23:00,4190.116,4195.434,4190.116,4194.759,4532
2025.12.09,00:00,4194.764,4195.728,4189.958,4190.468,6062
2025.12.09,01:00,4190.506,4197.390,4188.812,4196.138,12441
2025.12.09,02:00,4196.056,4197.147,4186.040,4189.882,11193
2025.12.09,03:00,4189.921,4198.854,4189.921,4194.624,8872
2025.12.09,04:00,4194.547,4195.666,4184.452,4186.991,7522
2025.12.09,05:00,4186.990,4187.314,4178.138,4179.817,11706
2025.12.09,06:00,4179.832,4184.048,4170.121,4181.965,15128
2025.12.09,07:00,4182.081,4185.818,4175.829,4182.392,12679
2025.12.09,08:00,4182.356,4191.914,4182.356,4191.649,10977
2025.12.09,09:00,4191.691,4213.151,4190.808,4202.794,18874
2025.12.09,10:00,4202.760,4208.375,4201.269,4203.952,11607
2025.12.09,11:00,4203.989,4206.492,4201.224,4203.002,8277
2025.12.09,12:00,4203.045,4207.645,4198.539,4204.228,9123
2025.12.09,13:00,4204.276,4208.427,4195.787,4201.222,21292
2025.12.09,14:00,4201.263,4210.319,4189.415,4205.026,30077
2025.12.09,15:00,4204.962,4216.494,4190.149,4212.514,32118
2025.12.09,16:00,4212.552,4221.550,4210.166,4212.394,26252
2025.12.09,17:00,4212.402,4216.364,4201.594,4203.116,17793
2025.12.09,18:00,4203.000,4209.760,4201.276,4208.895,13790
2025.12.09,19:00,4208.938,4214.504,4207.155,4212.601,11271
2025.12.09,20:00,4212.564,4216.134,4208.944,4212.147,16653
2025.12.09,21:00,4212.105,4213.008,4207.255,4208.541,15204
2025.12.09,23:00,4208.234,4213.115,4207.820,4210.894,5962
2025.12.10,00:00,4210.828,4212.780,4207.086,4208.493,8128
2025.12.10,01:00,4208.436,4218.226,4206.956,4213.837,17963
2025.12.10,02:00,4213.810,4218.827,4211.560,4216.986,11288
2025.12.10,03:00,4216.953,4217.241,4203.789,4206.324,12044
2025.12.10,04:00,4206.402,4209.754,4205.542,4207.084,5822
2025.12.10,05:00,4206.972,4214.410,4201.794,4211.455,10203
2025.12.10,06:00,4211.441,4211.762,4203.091,4207.376,12444
2025.12.10,07:00,4207.432,4209.483,4203.253,4203.416,9779
2025.12.10,08:00,4203.360,4206.590,4197.047,4197.882,12572
2025.12.10,09:00,4197.845,4200.621,4192.566,4194.420,11651
2025.12.10,10:00,4194.377,4196.468,4187.753,4193.284,11635
2025.12.10,11:00,4193.249,4197.786,4192.582,4197.232,7385
2025.12.10,12:00,4197.278,4202.334,4195.268,4196.561,9071
2025.12.10,13:00,4196.582,4205.118,4192.946,4200.807,18029
2025.12.10,14:00,4200.843,4207.139,4191.375,4192.592,23567
2025.12.10,15:00,4192.627,4201.317,4188.981,4193.644,21872
2025.12.10,16:00,4193.694,4205.196,4192.798,4204.759,13308
2025.12.10,17:00,4204.796,4204.868,4196.917,4199.770,10009
2025.12.10,18:00,4199.791,4200.793,4191.993,4194.442,10591
2025.12.10,19:00,4194.405,4219.888,4181.710,4216.396,70062
2025.12.10,20:00,4216.370,4238.747,4211.012,4229.754,43425
2025.12.10,21:00,4229.724,4232.596,4221.213,4228.594,10259
2025.12.10,23:00,4230.186,4234.125,4224.022,4232.494,8207
2025.12.11,00:00,4232.483,4245.169,4231.322,4237.191,13706
2025.12.11,01:00,4237.168,4247.805,4233.021,4238.275,22231
2025.12.11,02:00,4238.308,4240.902,4220.447,4222.453,16633
2025.12.11,03:00,4222.361,4224.988,4209.412,4216.762,18413
2025.12.11,04:00,4216.703,4218.370,4208.614,4213.580,10491
2025.12.11,05:00,4213.491,4216.398,4206.179,4207.547,13072
2025.12.11,06:00,4207.561,4215.471,4204.268,4214.417,12968
2025.12.11,07:00,4214.382,4218.713,4210.544,4216.103,14591
2025.12.11,08:00,4216.077,4219.641,4212.812,4216.527,11868
2025.12.11,09:00,4216.500,4221.860,4210.351,4218.603,11234
2025.12.11,10:00,4218.534,4225.955,4211.755,4216.977,22897
2025.12.11,11:00,4216.947,4219.221,4209.691,4211.198,17723
2025.12.11,12:00,4211.221,4220.540,4208.812,4220.407,20818
2025.12.11,13:00,4220.453,4223.332,4205.208,4221.084,38516
2025.12.11,14:00,4221.064,4244.494,4217.871,4230.211,55511
2025.12.11,15:00,4230.239,4261.564,4226.165,4255.997,57664
2025.12.11,16:00,4255.957,4279.231,4250.118,4273.593,51499
2025.12.11,17:00,4273.639,4281.916,4272.128,4278.649,41368
2025.12.11,18:00,4278.627,4285.983,4266.766,4268.134,32259
2025.12.11,19:00,4268.157,4277.751,4262.979,4273.645,31482
2025.12.11,20:00,4273.622,4276.537,4264.260,4276.251,36683
2025.12.11,21:00,4276.219,4283.687,4272.596,4280.203,22296
2025.12.11,23:00,4282.953,4283.093,4272.446,4276.547,7398
2025.12.12,00:00,4276.495,4280.251,4268.811,4269.637,11073
2025.12.12,01:00,4269.685,4276.140,4264.762,4271.044,22285
2025.12.12,02:00,4271.010,4276.915,4269.436,4270.525,12377
2025.12.12,03:00,4270.553,4274.631,4268.734,4270.633,9437
2025.12.12,04:00,4270.586,4271.159,4266.315,4266.502,6734
2025.12.12,05:00,4266.521,4280.616,4266.109,4279.002,9839
2025.12.12,06:00,4279.151,4283.208,4276.617,4282.939,10288
2025.12.12,07:00,4282.822,4290.553,4281.381,4287.179,9966
2025.12.12,08:00,4287.129,4309.576,4287.005,4308.146,14642
2025.12.12,09:00,4308.119,4320.385,4306.829,4318.265,16358
2025.12.12,10:00,4318.303,4330.965,4314.766,4329.744,16131
2025.12.12,11:00,4329.792,4339.323,4327.006,4336.473,15965
2025.12.12,12:00,4336.442,4338.996,4324.778,4325.904,16723
2025.12.12,13:00,4325.868,4346.186,4321.329,4341.066,26731
2025.12.12,14:00,4341.022,4353.594,4330.677,4346.989,41061
2025.12.12,15:00,4346.960,4351.516,4283.106,4290.470,81296
2025.12.12,16:00,4290.430,4296.738,4256.982,4282.158,79255
2025.12.12,17:00,4282.052,4298.456,4271.154,4294.254,36328
2025.12.12,18:00,4294.296,4303.651,4290.485,4294.920,25780
2025.12.12,19:00,4294.959,4299.795,4289.832,4296.576,18288
2025.12.12,20:00,4296.551,4302.979,4288.427,4299.261,18829
2025.12.12,21:00,4299.317,4304.274,4298.203,4301.007,7002
2025.12.14,23:01,4300.549,4308.470,4299.883,4302.436,9952
2025.12.15,00:00,4302.455,4308.108,4300.103,4307.567,8860
2025.12.15,01:00,4307.565,4325.301,4305.807,4322.555,18340
2025.12.15,02:00,4322.487,4329.239,4320.914,4326.452,12536
2025.12.15,03:00,4326.421,4329.661,4319.431,4327.099,12178
2025.12.15,04:00,4327.179,4330.109,4323.116,4326.150,8567
2025.12.15,05:00,4326.153,4344.390,4324.805,4343.508,12562
2025.12.15,06:00,4343.477,4347.551,4339.753,4343.776,12401
2025.12.15,07:00,4343.656,4344.872,4333.644,4339.373,11573
2025.12.15,08:00,4339.345,4349.080,4338.945,4346.875,9570
2025.12.15,09:00,4346.846,4350.376,4342.352,4342.619,10135
2025.12.15,10:00,4342.648,4348.261,4337.769,4339.780,9798
2025.12.15,11:00,4339.663,4343.686,4335.429,4342.771,7892
2025.12.15,12:00,4342.845,4348.484,4342.727,4345.694,9069
2025.12.15,13:00,4345.660,4346.395,4330.848,4332.354,22175
2025.12.15,14:00,4332.315,4336.733,4317.370,4323.618,38397
2025.12.15,15:00,4323.579,4327.822,4311.457,4318.331,40998
2025.12.15,16:00,4318.363,4318.957,4285.204,4297.537,41491
2025.12.15,17:00,4297.450,4306.656,4290.714,4304.499,20212
2025.12.15,18:00,4304.460,4313.584,4300.002,4313.108,14401
2025.12.15,19:00,4313.084,4317.732,4307.889,4314.251,12771
2025.12.15,20:00,4314.200,4314.525,4299.486,4304.504,15175
2025.12.15,21:00,4304.474,4305.995,4300.765,4305.521,5306
2025.12.15,23:00,4307.416,4309.748,4303.287,4304.174,6124
2025.12.16,00:00,4304.154,4313.225,4302.726,4307.855,13250
2025.12.16,01:00,4307.886,4317.976,4299.099,4308.877,22747
2025.12.16,02:00,4308.853,4312.353,4286.484,4289.946,20933
2025.12.16,03:00,4289.972,4294.507,4280.595,4290.863,21547
2025.12.16,04:00,4290.891,4292.357,4286.567,4289.122,10149
2025.12.16,05:00,4289.182,4292.305,4271.597,4284.160,19196
2025.12.16,06:00,4284.209,4292.167,4282.571,4289.266,12695
2025.12.16,07:00,4289.231,4289.883,4279.540,4287.667,12286
2025.12.16,08:00,4287.601,4289.561,4275.450,4284.747,14751
2025.12.16,09:00,4284.791,4285.908,4276.403,4280.385,9164
2025.12.16,10:00,4280.414,4284.313,4274.758,4277.379,12020
2025.12.16,11:00,4277.341,4279.653,4273.762,4278.406,8609
2025.12.16,12:00,4278.446,4295.104,4276.757,4294.499,12618
2025.12.16,13:00,4294.527,4313.373,4290.876,4313.044,28530
2025.12.16,14:00,4313.070,4332.332,4311.429,4324.831,33535
2025.12.16,15:00,4324.796,4335.161,4312.318,4319.829,36037
2025.12.16,16:00,4319.782,4323.268,4291.033,4300.601,28855
2025.12.16,17:00,4300.654,4310.859,4300.144,4303.503,17070
2025.12.16,18:00,4303.470,4313.586,4298.010,4311.354,18614
2025.12.16,19:00,4311.361,4315.933,4297.482,4310.746,19391
2025.12.16,20:00,4310.700,4314.417,4302.852,4304.773,12611
2025.12.16,21:00,4304.733,4305.607,4300.717,4302.441,4798
2025.12.16,23:00,4302.959,4309.214,4301.780,4307.884,5887
2025.12.17,00:00,4307.928,4315.064,4307.367,4313.324,7080
2025.12.17,01:00,4313.224,4326.901,4311.447,4326.680,22262
2025.12.17,02:00,4326.773,4327.888,4311.300,4314.291,18179
2025.12.17,03:00,4314.327,4325.188,4312.688,4323.663,14166
2025.12.17,04:00,4323.694,4331.643,4320.470,4329.669,10013
2025.12.17,05:00,4329.715,4342.554,4328.090,4333.983,18349
2025.12.17,06:00,4334.012,4337.787,4324.878,4328.692,14937
2025.12.17,07:00,4328.650,4328.682,4315.579,4317.923,14726
2025.12.17,08:00,4317.822,4320.991,4308.300,4319.159,15112
2025.12.17,09:00,4319.096,4323.245,4316.001,4317.074,9963
2025.12.17,10:00,4317.031,4322.288,4306.477,4317.662,10030
2025.12.17,11:00,4317.701,4320.642,4315.204,4316.433,7738
2025.12.17,12:00,4316.481,4323.339,4314.937,4317.545,9203
2025.12.17,13:00,4317.495,4344.066,4315.114,4341.964,21828
2025.12.17,14:00,4342.029,4346.132,4322.880,4338.276,38570
2025.12.17,15:00,4338.250,4349.321,4324.120,4330.212,39737
2025.12.17,16:00,4330.263,4337.611,4320.336,4333.512,35072
2025.12.17,17:00,4333.565,4342.511,4328.600,4342.477,22670
2025.12.17,18:00,4342.498,4346.478,4328.931,4336.019,22152
2025.12.17,19:00,4335.977,4341.087,4330.321,4336.991,14484
2025.12.17,20:00,4336.959,4346.120,4335.187,4341.259,12240
2025.12.17,21:00,4341.321,4346.373,4338.289,4338.483,6828
2025.12.17,23:00,4340.135,4343.203,4335.651,4339.225,5235
2025.12.18,00:00,4339.174,4342.940,4333.094,4334.828,11301
2025.12.18,01:00,4334.827,4337.029,4324.198,4331.560,22820
2025.12.18,02:00,4331.558,4337.765,4329.876,4333.307,13910
2025.12.18,03:00,4333.260,4336.761,4330.838,4333.117,10495
2025.12.18,04:00,4333.148,4333.533,4328.600,4331.945,7301
2025.12.18,05:00,4331.836,4337.533,4331.140,4333.331,12014
2025.12.18,06:00,4333.278,4336.214,4330.759,4334.013,10579
2025.12.18,07:00,4333.961,4337.780,4330.021,4331.442,8972
2025.12.18,08:00,4331.403,4332.616,4321.823,4326.598,11585
2025.12.18,09:00,4326.604,4328.626,4320.608,4323.402,10330
2025.12.18,10:00,4323.365,4327.596,4321.986,4325.383,8047
2025.12.18,11:00,4325.336,4328.639,4324.386,4325.591,6775
2025.12.18,12:00,4325.596,4326.554,4317.161,4320.968,9903
2025.12.18,13:00,4320.852,4343.126,4314.569,4336.680,28735
2025.12.18,14:00,4336.615,4341.493,4308.678,4328.541,44815
2025.12.18,15:00,4328.587,4341.524,4324.770,4338.245,36424
2025.12.18,16:00,4338.289,4374.669,4337.797,4360.279,37185
2025.12.18,17:00,4360.329,4363.541,4321.731,4333.288,53726
2025.12.18,18:00,4333.330,4341.114,4325.729,4331.684,23588
2025.12.18,19:00,4331.713,4334.856,4322.752,4324.968,20043
2025.12.18,20:00,4325.016,4338.158,4324.504,4334.730,17247
2025.12.18,21:00,4334.680,4334.732,4328.467,4332.298,5821
2025.12.18,23:00,4335.766,4336.951,4333.482,4335.168,4260
2025.12.19,00:00,4335.194,4335.872,4325.595,4326.043,7644
2025.12.19,01:00,4326.082,4328.419,4309.245,4323.290,24766
2025.12.19,02:00,4323.335,4327.847,4314.266,4316.851,13061
2025.12.19,03:00,4316.882,4322.588,4312.872,4318.048,12860
2025.12.19,04:00,4318.055,4323.027,4316.924,4322.813,8103
2025.12.19,05:00,4322.799,4329.111,4317.619,4325.942,11744
2025.12.19,06:00,4325.983,4329.549,4321.840,4326.415,13046
2025.12.19,07:00,4326.482,4329.591,4321.702,4322.780,11016
2025.12.19,08:00,4322.740,4331.042,4321.093,4326.183,10902
2025.12.19,09:00,4326.141,4333.614,4324.417,4329.376,8998
2025.12.19,10:00,4329.327,4331.724,4322.312,4327.794,9626
2025.12.19,11:00,4327.874,4329.531,4325.105,4327.262,9249
2025.12.19,12:00,4327.314,4329.002,4320.678,4326.838,11506
2025.12.19,13:00,4326.875,4335.477,4326.178,4328.525,17839
2025.12.19,14:00,4328.550,4338.020,4319.754,4332.527,31917
2025.12.19,15:00,4332.568,4349.103,4332.019,4347.797,28104
2025.12.19,16:00,4347.770,4354.938,4342.008,4349.849,22841
2025.12.19,17:00,4349.796,4356.206,4347.170,4353.568,15831
2025.12.19,18:00,4353.522,4356.583,4343.301,4348.602,16072
2025.12.19,19:00,4348.554,4350.618,4345.170,4345.380,8336
2025.12.19,20:00,4345.323,4346.379,4336.840,4339.600,11198
2025.12.19,21:00,4339.626,4340.153,4336.656,4339.389,4959
2025.12.21,23:01,4340.931,4356.465,4339.968,4355.397,8010
2025.12.22,00:00,4355.338,4366.404,4355.338,4364.794,13058
2025.12.22,01:00,4364.873,4384.971,4361.321,4382.957,24451
2025.12.22,02:00,4382.927,4388.747,4378.612,4385.996,14039
2025.12.22,03:00,4386.027,4395.015,4384.249,4392.657,9832
2025.12.22,04:00,4392.646,4400.904,4391.327,4398.410,8128
2025.12.22,05:00,4398.375,4409.598,4396.732,4400.175,16629
2025.12.22,06:00,4400.243,4419.915,4398.851,4419.203,14794
2025.12.22,07:00,4419.097,4420.371,4410.589,4414.376,11539
2025.12.22,08:00,4414.304,4415.059,4406.162,4408.357,11738
2025.12.22,09:00,4408.401,4414.954,4408.022,4411.048,8015
2025.12.22,10:00,4411.161,4415.974,4406.236,4408.679,8223
2025.12.22,11:00,4408.718,4411.722,4406.229,4410.352,7289
2025.12.22,12:00,4410.302,4415.884,4406.207,4415.596,8965
2025.12.22,13:00,4415.585,4427.555,4412.822,4423.550,20035
2025.12.22,14:00,4423.622,4429.452,4414.806,4419.275,27389
2025.12.22,15:00,4419.244,4435.552,4411.968,4431.861,24564
2025.12.22,16:00,4431.760,4442.295,4428.067,4438.791,19595
2025.12.22,17:00,4438.718,4442.031,4432.151,4438.462,11891
2025.12.22,18:00,4438.506,4439.075,4429.488,4435.219,9248
2025.12.22,19:00,4435.247,4435.998,4428.826,4433.511,7928
2025.12.22,20:00,4433.473,4439.407,4431.747,4438.495,8247
2025.12.22,21:00,4438.547,4449.222,4438.547,4443.729,7330
2025.12.22,23:00,4447.585,4461.775,4446.973,4460.267,9179
2025.12.23,00:00,4460.260,4470.635,4458.129,4470.556,9131
2025.12.23,01:00,4470.570,4490.841,4469.756,4486.777,25774
2025.12.23,02:00,4486.748,4497.809,4481.125,4493.436,14925
2025.12.23,03:00,4493.461,4496.593,4483.176,4486.887,13614
2025.12.23,04:00,4486.897,4488.460,4478.762,4482.571,9266
2025.12.23,05:00,4482.517,4485.600,4474.896,4475.356,13383
2025.12.23,06:00,4475.317,4481.565,4469.520,4481.493,12711
2025.12.23,07:00,4481.323,4489.703,4478.318,4486.716,9191
2025.12.23,08:00,4486.680,4493.300,4484.758,4489.957,9850
2025.12.23,09:00,4489.820,4491.186,4478.219,4480.454,12170
2025.12.23,10:00,4480.415,4487.648,4479.572,4484.326,8667
2025.12.23,11:00,4484.379,4494.161,4483.078,4493.525,8529
2025.12.23,12:00,4493.488,4493.649,4483.417,4486.587,8934
2025.12.23,13:00,4486.521,4497.356,4473.201,4479.162,26026
2025.12.23,14:00,4479.276,4479.869,4441.546,4446.425,49734
2025.12.23,15:00,4446.332,4459.394,4430.578,4458.535,42931
2025.12.23,16:00,4458.495,4476.484,4455.907,4474.294,19377
2025.12.23,17:00,4474.252,4479.862,4469.693,4472.723,18411
2025.12.23,18:00,4472.730,4485.137,4472.730,4484.467,13856
2025.12.23,19:00,4484.496,4496.333,4484.149,4490.884,14219
2025.12.23,20:00,4490.920,4500.136,4489.388,4497.537,10851
2025.12.23,21:00,4497.560,4498.991,4483.592,4485.015,7839
2025.12.23,23:00,4487.468,4510.362,4486.769,4503.368,10975
2025.12.24,00:00,4503.383,4518.043,4500.798,4511.993,14930
2025.12.24,01:00,4512.038,4526.011,4506.881,4518.784,28004
2025.12.24,02:00,4518.818,4519.340,4475.097,4477.544,23528
2025.12.24,03:00,4477.569,4498.537,4468.902,4493.162,25728
2025.12.24,04:00,4493.209,4501.538,4491.257,4499.323,9215
2025.12.24,05:00,4499.278,4500.683,4485.292,4488.629,15582
2025.12.24,06:00,4488.663,4498.210,4485.417,4493.620,13084
2025.12.24,07:00,4493.650,4495.133,4483.464,4483.999,10246
2025.12.24,08:00,4484.033,4492.941,4478.150,4482.353,16076
2025.12.24,09:00,4482.397,4496.058,4481.998,4494.650,11871
2025.12.24,10:00,4494.671,4499.923,4482.446,4489.457,12340
2025.12.24,11:00,4489.479,4491.970,4483.106,4491.500,8987
2025.12.24,12:00,4491.536,4496.074,4489.800,4490.838,9797
2025.12.24,13:00,4490.869,4493.486,4474.552,4487.766,24779
2025.12.24,14:00,4487.900,4489.365,4460.371,4464.674,38325
2025.12.24,15:00,4464.646,4476.522,4448.318,4458.358,39975
2025.12.24,16:00,4458.406,4478.138,4455.958,4476.825,21666
2025.12.24,17:00,4476.786,4487.635,4475.360,4480.577,19845
2025.12.24,18:00,4480.622,4482.395,4477.300,4480.739,4086
2025.12.25,23:05,4486.217,4500.060,4484.494,4495.269,9633
2025.12.26,00:00,4495.196,4518.065,4492.365,4517.970,14600
2025.12.26,01:00,4517.929,4531.310,4497.672,4503.809,39424
2025.12.26,02:00,4503.769,4509.775,4492.278,4508.871,20945
2025.12.26,03:00,4508.874,4513.524,4497.606,4501.860,14146
2025.12.26,04:00,4501.754,4511.772,4500.574,4509.111,9639
2025.12.26,05:00,4509.037,4514.909,4506.065,4510.126,11355
2025.12.26,06:00,4510.077,4519.435,4508.171,4511.667,15589
2025.12.26,07:00,4511.582,4515.749,4507.393,4510.981,9727
2025.12.26,08:00,4511.018,4519.695,4509.574,4518.654,9160
2025.12.26,09:00,4518.720,4520.693,4511.874,4512.810,7985
2025.12.26,10:00,4512.821,4523.882,4511.286,4514.425,11512
2025.12.26,11:00,4514.485,4515.388,4502.797,4509.671,17860
2025.12.26,12:00,4509.635,4515.042,4506.658,4508.921,10369
2025.12.26,13:00,4508.923,4528.418,4503.939,4525.121,23830
2025.12.26,14:00,4525.161,4533.463,4512.778,4521.021,33898
2025.12.26,15:00,4521.066,4547.684,4519.632,4546.702,32627
2025.12.26,16:00,4546.655,4550.248,4531.433,4536.518,30393
2025.12.26,17:00,4536.550,4537.732,4509.864,4518.979,31909
2025.12.26,18:00,4519.020,4532.699,4514.698,4530.903,22661
2025.12.26,19:00,4530.986,4535.645,4520.046,4523.783,15091
2025.12.26,20:00,4523.822,4535.370,4521.835,4531.139,20728
2025.12.26,21:00,4531.107,4534.688,4527.398,4532.578,11698
2025.12.28,23:01,4546.238,4548.524,4523.383,4527.208,25376
2025.12.29,00:00,4527.234,4528.032,4472.270,4497.430,56891
2025.12.29,01:00,4497.484,4517.537,4492.236,4497.187,41548
2025.12.29,02:00,4497.158,4515.818,4496.438,4512.391,19989
2025.12.29,03:00,4512.345,4520.637,4509.508,4516.349,17372
2025.12.29,04:00,4516.364,4519.468,4507.657,4515.760,11722
2025.12.29,05:00,4515.708,4519.352,4505.100,4506.851,15720
2025.12.29,06:00,4506.875,4510.693,4471.337,4475.185,36884
2025.12.29,07:00,4475.149,4481.873,4445.031,4474.616,42027
2025.12.29,08:00,4474.737,4488.685,4452.612,4460.961,31273
2025.12.29,09:00,4461.001,4476.343,4459.201,4472.200,20163
2025.12.29,10:00,4472.172,4474.548,4457.014,4460.880,15739
2025.12.29,11:00,4460.889,4467.659,4434.234,4446.708,22841
2025.12.29,12:00,4446.734,4464.688,4445.619,4464.221,16823
2025.12.29,13:00,4464.265,4467.785,4406.962,4421.507,48132
2025.12.29,14:00,4421.457,4421.457,4356.568,4360.380,74346
2025.12.29,15:00,4360.353,4360.719,4302.161,4325.352,62787
2025.12.29,16:00,4325.306,4347.573,4323.487,4341.757,38751
2025.12.29,17:00,4341.865,4343.159,4314.713,4328.084,31063
2025.12.29,18:00,4328.170,4335.031,4322.918,4331.539,26357
2025.12.29,19:00,4331.567,4338.022,4327.733,4337.017,14194
2025.12.29,20:00,4337.042,4344.722,4325.869,4334.709,17873
2025.12.29,21:00,4334.620,4339.348,4327.359,4331.570,11298
2025.12.29,23:00,4339.190,4347.180,4323.358,4345.669,13342
2025.12.30,00:00,4345.593,4350.905,4334.503,4339.682,15441
2025.12.30,01:00,4339.643,4360.235,4324.390,4360.235,29938
2025.12.30,02:00,4360.258,4365.016,4348.911,4362.688,23250
2025.12.30,03:00,4362.716,4369.312,4356.322,4359.288,15358
2025.12.30,04:00,4359.332,4369.774,4357.608,4363.499,8171
2025.12.30,05:00,4363.476,4380.078,4358.939,4377.721,16744
2025.12.30,06:00,4377.755,4378.535,4359.906,4364.696,22948
2025.12.30,07:00,4364.631,4383.564,4359.201,4372.593,18361
2025.12.30,08:00,4372.702,4374.032,4350.161,4364.985,18982
2025.12.30,09:00,4365.039,4376.449,4364.161,4372.039,13300
2025.12.30,10:00,4372.004,4391.807,4367.622,4384.954,16070
2025.12.30,11:00,4384.882,4390.288,4381.232,4384.433,12116
2025.12.30,12:00,4384.390,4402.878,4383.439,4401.290,16694
2025.12.30,13:00,4401.359,4404.286,4376.151,4388.313,34630
2025.12.30,14:00,4388.364,4392.227,4355.804,4366.376,37631
2025.12.30,15:00,4366.335,4377.630,4359.365,4365.120,36387
2025.12.30,16:00,4365.156,4379.964,4354.863,4377.743,25467
2025.12.30,17:00,4377.807,4381.827,4364.297,4370.243,19718
2025.12.30,18:00,4370.318,4378.778,4362.462,4364.817,17852
2025.12.30,19:00,4364.912,4368.066,4337.593,4348.656,18696
2025.12.30,20:00,4348.673,4355.595,4337.925,4341.826,24068
2025.12.30,21:00,4341.860,4350.338,4334.810,4338.783,9982
2025.12.30,23:00,4343.544,4346.493,4328.532,4338.946,13889
2025.12.31,00:00,4339.001,4346.946,4332.491,4342.437,16024
2025.12.31,01:00,4342.401,4373.457,4336.924,4366.147,26913
2025.12.31,02:00,4366.188,4371.301,4346.713,4348.715,26552
2025.12.31,03:00,4348.788,4359.992,4340.825,4348.459,28223
2025.12.31,04:00,4348.428,4351.393,4330.783,4333.013,16189
2025.12.31,05:00,4333.076,4343.040,4275.862,4285.836,37022
2025.12.31,06:00,4285.862,4329.306,4274.403,4328.030,35474
2025.12.31,07:00,4328.078,4335.217,4323.816,4331.132,18963
2025.12.31,08:00,4331.103,4333.091,4303.360,4307.270,18327
2025.12.31,09:00,4307.340,4337.398,4306.992,4325.907,18016
2025.12.31,10:00,4325.946,4331.516,4303.760,4306.701,18000
2025.12.31,11:00,4306.649,4316.495,4304.128,4311.029,14136
2025.12.31,12:00,4310.937,4318.167,4303.120,4313.923,14754
2025.12.31,13:00,4313.950,4348.466,4308.109,4345.843,23104
2025.12.31,14:00,4345.867,4353.642,4332.935,4345.957,34005
2025.12.31,15:00,4346.025,4346.298,4327.005,4337.298,33015
2025.12.31,16:00,4337.345,4339.761,4317.151,4323.030,24071
2025.12.31,17:00,4323.063,4329.586,4318.108,4321.868,18461
2025.12.31,18:00,4321.926,4331.428,4315.580,4319.420,4895
2025.12.31,19:00,4319.587,4322.771,4307.408,4311.369,4806
2025.12.31,20:00,4311.168,4324.369,4304.275,4312.973,5176
2025.12.31,21:00,4313.152,4318.931,4307.207,4318.872,7237
2026.01.01,23:05,4328.345,4351.573,4327.683,4348.349,8187
2026.01.02,00:00,4348.382,4356.230,4341.332,4354.215,11383
2026.01.02,01:00,4354.221,4356.183,4344.630,4348.054,13914
2026.01.02,02:00,4348.026,4363.200,4344.849,4362.822,12389
2026.01.02,03:00,4362.787,4375.870,4362.101,4375.197,11844
2026.01.02,04:00,4375.154,4378.665,4371.352,4373.291,10546
2026.01.02,05:00,4373.318,4381.784,4370.970,4380.688,9603
2026.01.02,06:00,4380.680,4381.096,4373.406,4374.819,9770
2026.01.02,07:00,4374.782,4383.386,4371.973,4382.824,11071
2026.01.02,08:00,4382.787,4397.643,4380.503,4387.144,11088
2026.01.02,09:00,4387.107,4391.724,4383.358,4385.659,10369
2026.01.02,10:00,4385.684,4398.586,4384.579,4396.094,10241
2026.01.02,11:00,4396.140,4399.408,4390.818,4392.943,8580
2026.01.02,12:00,4392.890,4398.303,4385.216,4394.435,11667
2026.01.02,13:00,4394.472,4402.432,4361.777,4366.047,30342
2026.01.02,14:00,4366.090,4373.724,4348.167,4353.457,40210
2026.01.02,15:00,4353.474,4357.019,4330.263,4335.494,47184
2026.01.02,16:00,4335.441,4337.404,4314.852,4326.452,42052
2026.01.02,17:00,4326.427,4333.479,4322.757,4323.113,22173
2026.01.02,18:00,4323.039,4323.794,4309.693,4315.084,22380
2026.01.02,19:00,4315.130,4326.359,4315.130,4318.209,15798
2026.01.02,20:00,4318.252,4331.589,4317.202,4331.446,13973
2026.01.02,21:00,4331.481,4334.034,4327.094,4331.783,6502
2026.01.04,23:01,4353.510,4375.972,4349.854,4372.594,15700
2026.01.05,00:00,4372.621,4396.871,4370.251,4395.033,21210
2026.01.05,01:00,4395.066,4421.136,4391.248,4401.900,53077
2026.01.05,02:00,4401.937,4409.610,4388.675,4405.431,25595
2026.01.05,03:00,4405.403,4414.106,4399.671,4399.933,15857
2026.01.05,04:00,4399.985,4408.437,4397.475,4404.263,9540
2026.01.05,05:00,4404.146,4414.577,4401.294,4412.393,14167
2026.01.05,06:00,4412.331,4426.583,4411.263,4420.185,20138
2026.01.05,07:00,4420.303,4425.120,4416.822,4421.850,13657
2026.01.05,08:00,4421.892,4434.005,4419.432,4430.205,13985
2026.01.05,09:00,4430.196,4438.269,4425.997,4434.869,12601
2026.01.05,10:00,4434.901,4440.035,4430.900,4436.274,10993
2026.01.05,11:00,4436.310,4437.525,4411.097,4419.373,18626
2026.01.05,12:00,4419.340,4421.557,4405.463,4409.693,16822
2026.01.05,13:00,4409.724,4419.012,4395.919,4416.801,31890
2026.01.05,14:00,4416.780,4442.903,4416.780,4436.903,38823
2026.01.05,15:00,4436.990,4455.709,4435.477,4448.548,34694
2026.01.05,16:00,4448.583,4454.500,4438.500,4441.973,19439
2026.01.05,17:00,4442.016,4449.109,4432.285,4443.590,22071
2026.01.05,18:00,4443.535,4448.664,4439.867,4448.664,13605
2026.01.05,19:00,4448.700,4449.528,4434.724,4439.869,15263
2026.01.05,20:00,4439.829,4447.052,4437.920,4445.074,14072
2026.01.05,21:00,4445.122,4449.349,4443.455,4449.013,6584
2026.01.05,23:00,4454.865,4460.342,4436.893,4440.358,8938
2026.01.06,00:00,4440.423,4444.876,4430.397,4436.409,13774
2026.01.06,01:00,4436.321,4452.305,4427.699,4450.441,27378
2026.01.06,02:00,4450.553,4461.402,4448.737,4455.004,20510
2026.01.06,03:00,4455.030,4468.236,4454.134,4467.757,13312
2026.01.06,04:00,4467.724,4468.593,4461.702,4467.362,8597
2026.01.06,05:00,4467.291,4474.285,4449.456,4452.609,18041
2026.01.06,06:00,4452.647,4466.985,4451.625,4465.749,17813
2026.01.06,07:00,4465.627,4470.514,4457.288,4459.503,12783
2026.01.06,08:00,4459.453,4476.026,4457.436,4468.355,15661
2026.01.06,09:00,4468.324,4468.617,4444.827,4446.373,17419
2026.01.06,10:00,4446.422,4456.039,4442.589,4451.741,11863
2026.01.06,11:00,4451.778,4464.633,4448.694,4463.343,9987
2026.01.06,12:00,4463.305,4466.342,4458.762,4463.638,9831
2026.01.06,13:00,4463.676,4470.611,4454.027,4468.036,24295
2026.01.06,14:00,4468.066,4490.023,4464.512,4487.559,27489
2026.01.06,15:00,4487.586,4490.920,4462.878,4478.375,37176
2026.01.06,16:00,4478.338,4489.064,4471.640,4488.264,21741
2026.01.06,17:00,4488.364,4491.650,4481.652,4489.486,16029
2026.01.06,18:00,4489.444,4494.152,4482.281,4488.544,15424
2026.01.06,19:00,4488.564,4489.471,4477.378,4481.433,15271
2026.01.06,20:00,4481.402,4496.968,4480.320,4493.838,11778
2026.01.06,21:00,4493.802,4497.436,4491.764,4494.624,6612
2026.01.06,23:00,4498.106,4500.565,4492.101,4493.285,7166
2026.01.07,00:00,4493.332,4494.790,4482.547,4491.894,12780
2026.01.07,01:00,4491.860,4495.940,4461.017,4465.524,39215
2026.01.07,02:00,4465.506,4478.840,4459.479,4474.680,20684
2026.01.07,03:00,4474.694,4480.338,4471.884,4474.739,13985
2026.01.07,04:00,4474.663,4476.092,4463.491,4464.830,15670
2026.01.07,05:00,4464.849,4470.382,4443.218,4454.294,24767
2026.01.07,06:00,4454.256,4460.527,4441.443,4444.192,21318
2026.01.07,07:00,4444.136,4465.193,4441.533,4461.297,15327
2026.01.07,08:00,4461.207,4474.865,4459.370,4468.339,13246
2026.01.07,09:00,4468.230,4468.773,4459.668,4463.412,12033
2026.01.07,10:00,4463.384,4467.843,4458.631,4464.506,9739
2026.01.07,11:00,4464.505,4464.971,4446.590,4447.493,13075
2026.01.07,12:00,4447.537,4455.149,4439.182,4445.125,16785
2026.01.07,13:00,4445.090,4453.156,4427.841,4452.992,35457
2026.01.07,14:00,4452.947,4454.430,4435.788,4445.628,38243
2026.01.07,15:00,4445.573,4452.205,4423.587,4446.102,34377
2026.01.07,16:00,4446.068,4468.394,4443.934,4464.294,25377
2026.01.07,17:00,4464.343,4465.440,4449.815,4451.932,15214
2026.01.07,18:00,4451.993,4458.800,4447.198,4452.017,17180
2026.01.07,19:00,4452.104,4458.047,4445.386,4456.876,12848
2026.01.07,20:00,4456.920,4461.723,4450.554,4452.024,15730
2026.01.07,21:00,4452.060,4456.121,4449.783,4455.758,6310
2026.01.07,23:00,4459.811,4464.194,4458.539,4463.442,6227
2026.01.08,00:00,4463.407,4466.504,4446.661,4450.287,13184
2026.01.08,01:00,4450.283,4460.525,4441.622,4448.530,23840
2026.01.08,02:00,4448.543,4449.749,4433.384,4441.406,20501
2026.01.08,03:00,4441.421,4446.549,4437.135,4440.323,14688
2026.01.08,04:00,4440.347,4440.593,4430.209,4431.577,9563
2026.01.08,05:00,4431.548,4432.450,4415.562,4425.412,24510
2026.01.08,06:00,4425.464,4437.630,4415.877,4433.383,24068
2026.01.08,07:00,4433.419,4439.926,4428.519,4431.080,15071
2026.01.08,08:00,4431.005,4433.324,4419.784,4431.597,16263
2026.01.08,09:00,4431.572,4435.475,4425.956,4432.599,12106
2026.01.08,10:00,4432.616,4434.849,4423.042,4433.300,11273
2026.01.08,11:00,4433.388,4433.388,4422.040,4422.752,10030
2026.01.08,12:00,4422.793,4431.375,4407.581,4427.881,19079
2026.01.08,13:00,4427.821,4436.292,4417.284,4423.790,27461
2026.01.08,14:00,4423.766,4439.494,4418.952,4432.869,39656
2026.01.08,15:00,4432.907,4456.576,4427.816,4454.215,37203
2026.01.08,16:00,4454.238,4464.639,4446.962,4463.186,25062
2026.01.08,17:00,4463.140,4465.470,4457.533,4463.422,14992
2026.01.08,18:00,4463.466,4463.466,4447.880,4449.666,16525
2026.01.08,19:00,4449.629,4452.959,4444.356,4452.165,10925
2026.01.08,20:00,4452.044,4478.213,4451.482,4476.051,18513
2026.01.08,21:00,4476.023,4479.735,4472.696,4477.390,8179
2026.01.08,23:00,4482.028,4484.229,4472.654,4475.621,7541
2026.01.09,00:00,4475.656,4476.766,4459.983,4462.965,10822
2026.01.09,01:00,4463.007,4470.054,4452.843,4469.001,24957
2026.01.09,02:00,4468.965,4476.603,4465.613,4469.419,15637
2026.01.09,03:00,4469.389,4470.033,4460.417,4464.243,12566
2026.01.09,04:00,4464.250,4466.859,4460.728,4464.807,7598
2026.01.09,05:00,4464.812,4471.769,4458.086,4468.181,13254
2026.01.09,06:00,4468.250,4477.437,4466.063,4474.186,14918
2026.01.09,07:00,4474.228,4475.569,4468.454,4470.286,9452
2026.01.09,08:00,4470.288,4476.809,4463.980,4468.516,11896
2026.01.09,09:00,4468.469,4477.698,4468.320,4471.227,9322
2026.01.09,10:00,4471.244,4474.296,4467.217,4472.661,7424
2026.01.09,11:00,4472.694,4476.254,4468.639,4475.443,8049
2026.01.09,12:00,4475.378,4480.653,4460.922,4465.980,13294
2026.01.09,13:00,4466.081,4491.993,4458.930,4482.729,38212
2026.01.09,14:00,4482.769,4498.174,4479.293,4494.563,46001
2026.01.09,15:00,4494.518,4517.204,4490.054,4512.315,35113
2026.01.09,16:00,4512.395,4514.360,4499.862,4506.477,23427
2026.01.09,17:00,4506.598,4511.756,4482.066,4484.570,20963
2026.01.09,18:00,4484.527,4504.666,4482.931,4496.045,20277
2026.01.09,19:00,4496.109,4501.951,4492.725,4499.318,11180
2026.01.09,20:00,4499.290,4510.182,4497.795,4507.653,13822
2026.01.09,21:00,4507.624,4511.243,4505.077,4509.099,6282
2026.01.11,23:01,4517.942,4545.034,4517.942,4539.984,13223
2026.01.12,00:00,4540.039,4601.256,4536.269,4588.972,33569
2026.01.12,01:00,4589.011,4595.017,4570.132,4570.132,49298
2026.01.12,02:00,4570.108,4582.241,4561.811,4577.501,27463
2026.01.12,03:00,4577.453,4581.473,4567.675,4570.682,15936
2026.01.12,04:00,4570.719,4572.089,4563.516,4568.598,11280
2026.01.12,05:00,4568.589,4585.124,4565.984,4581.003,17539
2026.01.12,06:00,4580.955,4580.955,4569.663,4578.445,15367
2026.01.12,07:00,4578.479,4589.702,4574.722,4587.724,15801
2026.01.12,08:00,4587.767,4598.382,4579.570,4596.771,16769
2026.01.12,09:00,4596.887,4599.361,4587.758,4589.141,13441
2026.01.12,10:00,4589.118,4595.467,4585.902,4594.243,12581
2026.01.12,11:00,4594.216,4594.912,4581.832,4585.296,11761
2026.01.12,12:00,4585.285,4590.785,4578.473,4590.580,14124
2026.01.12,13:00,4590.459,4620.427,4588.719,4615.830,28460
2026.01.12,14:00,4615.874,4617.387,4584.909,4602.250,53699
2026.01.12,15:00,4602.217,4627.450,4601.868,4621.292,33499
2026.01.12,16:00,4621.266,4630.148,4607.881,4616.972,23296
2026.01.12,17:00,4616.965,4620.709,4610.795,4616.493,18356
2026.01.12,18:00,4616.501,4618.641,4600.477,4610.762,19743
2026.01.12,19:00,4610.818,4619.080,4608.668,4611.136,11494
2026.01.12,20:00,4611.162,4611.759,4591.502,4593.830,19309
2026.01.12,21:00,4593.864,4597.319,4589.248,4596.735,9433
2026.01.12,23:00,4600.697,4603.644,4578.030,4599.432,15340
2026.01.13,00:00,4599.494,4599.754,4584.505,4587.452,11904
2026.01.13,01:00,4587.476,4595.792,4575.500,4578.008,29776
2026.01.13,02:00,4577.940,4595.086,4576.745,4594.269,16938
2026.01.13,03:00,4594.235,4599.741,4592.551,4594.190,11699
2026.01.13,04:00,4594.146,4599.768,4593.980,4596.525,8246
2026.01.13,05:00,4596.526,4602.271,4585.625,4592.188,15671
2026.01.13,06:00,4592.157,4592.385,4573.326,4581.636,18159
2026.01.13,07:00,4581.664,4587.260,4577.509,4580.572,12016
2026.01.13,08:00,4580.539,4597.279,4579.560,4592.809,13504
2026.01.13,09:00,4592.776,4595.795,4585.743,4586.221,10024
2026.01.13,10:00,4586.188,4588.313,4580.427,4586.324,9131
2026.01.13,11:00,4586.321,4592.049,4582.075,4588.527,9864
2026.01.13,12:00,4588.623,4595.209,4577.871,4593.292,10059
2026.01.13,13:00,4593.231,4621.076,4590.734,4611.555,33250
2026.01.13,14:00,4611.572,4634.755,4609.074,4629.990,37413
2026.01.13,15:00,4629.941,4630.332,4600.888,4619.128,40088
2026.01.13,16:00,4619.025,4620.820,4592.858,4613.330,25014
2026.01.13,17:00,4613.266,4616.062,4586.702,4590.526,21396
2026.01.13,18:00,4590.476,4602.101,4581.089,4594.222,27294
2026.01.13,19:00,4594.263,4599.046,4584.177,4597.527,19132
2026.01.13,20:00,4597.563,4597.900,4569.258,4586.069,23747
2026.01.13,21:00,4586.122,4589.969,4582.760,4586.576,8485
2026.01.13,23:00,4590.757,4598.853,4590.718,4597.160,6980
2026.01.14,00:00,4597.205,4610.752,4597.164,4609.255,12195
2026.01.14,01:00,4609.284,4619.990,4606.259,4619.112,22400
2026.01.14,02:00,4619.159,4623.638,4614.423,4620.657,17051
2026.01.14,03:00,4620.545,4630.113,4613.514,4628.262,13418
2026.01.14,04:00,4628.340,4630.586,4625.253,4629.519,9523
2026.01.14,05:00,4629.469,4639.985,4617.813,4619.885,23851
2026.01.14,06:00,4619.792,4637.313,4618.513,4637.313,22006
2026.01.14,07:00,4637.277,4639.623,4631.398,4632.658,12010
2026.01.14,08:00,4632.578,4637.936,4621.962,4634.941,16879
2026.01.14,09:00,4634.888,4639.734,4627.076,4630.446,11550
2026.01.14,10:00,4630.415,4638.190,4627.838,4633.049,10784
2026.01.14,11:00,4632.950,4637.470,4625.953,4630.354,11552
2026.01.14,12:00,4630.388,4642.082,4630.158,4638.875,14194
2026.01.14,13:00,4638.909,4641.807,4624.264,4635.863,30065
2026.01.14,14:00,4635.896,4638.852,4606.711,4617.606,40510
2026.01.14,15:00,4617.576,4626.476,4599.345,4617.879,40381
2026.01.14,16:00,4617.916,4624.843,4608.553,4617.019,26931
2026.01.14,17:00,4617.065,4619.171,4601.100,4614.263,27670
2026.01.14,18:00,4614.238,4637.195,4612.769,4635.068,20086
2026.01.14,19:00,4635.131,4643.213,4633.321,4639.247,18593
2026.01.14,20:00,4639.199,4641.620,4625.622,4632.522,29418
2026.01.14,21:00,4632.575,4633.085,4617.925,4626.062,12446
2026.01.14,23:00,4626.634,4626.973,4602.864,4615.318,15388
2026.01.15,00:00,4615.290,4618.230,4610.144,4615.290,12592
2026.01.15,01:00,4615.306,4617.436,4583.581,4600.070,43139
2026.01.15,02:00,4600.040,4614.763,4595.608,4602.855,24894
2026.01.15,03:00,4602.894,4604.401,4581.093,4592.306,27808
2026.01.15,04:00,4592.282,4597.528,4587.042,4592.310,15255
2026.01.15,05:00,4592.366,4599.030,4581.019,4595.264,20806
2026.01.15,06:00,4595.229,4612.068,4593.689,4610.285,20317
2026.01.15,07:00,4610.312,4613.614,4599.215,4601.842,13106
2026.01.15,08:00,4601.799,4607.174,4597.831,4604.332,14713
2026.01.15,09:00,4604.329,4613.095,4600.680,4612.654,11348
2026.01.15,10:00,4612.597,4620.595,4609.365,4619.827,10609
2026.01.15,11:00,4619.864,4623.056,4615.428,4619.156,10926
2026.01.15,12:00,4619.208,4620.843,4611.747,4613.987,11458
2026.01.15,13:00,4613.910,4616.161,4581.987,4588.461,34873
2026.01.15,14:00,4588.412,4615.178,4583.274,4611.054,40699
2026.01.15,15:00,4611.029,4618.073,4603.899,4615.462,28733
2026.01.15,16:00,4615.398,4624.926,4601.187,4605.631,25532
2026.01.15,17:00,4605.723,4617.019,4605.604,4616.463,14064
2026.01.15,18:00,4616.521,4621.316,4613.521,4617.615,15886
2026.01.15,19:00,4617.645,4621.731,4612.662,4615.818,10673
2026.01.15,20:00,4615.932,4616.366,4600.774,4605.817,18892
2026.01.15,21:00,4605.752,4616.480,4604.480,4615.694,6790
2026.01.15,23:00,4618.134,4621.030,4606.413,4610.308,9894
2026.01.16,00:00,4610.339,4611.382,4598.523,4599.978,12401
2026.01.16,01:00,4599.945,4608.549,4593.998,4600.528,22478
2026.01.16,02:00,4600.501,4604.311,4591.261,4594.915,21794
2026.01.16,03:00,4594.942,4599.688,4592.847,4596.476,10851
2026.01.16,04:00,4596.377,4602.069,4596.113,4601.111,6257
2026.01.16,05:00,4601.157,4616.199,4595.299,4611.542,12262
2026.01.16,06:00,4611.638,4612.384,4593.875,4597.991,18202
2026.01.16,07:00,4598.076,4612.044,4596.802,4607.581,14775
2026.01.16,08:00,4607.516,4610.784,4601.368,4603.209,11351
2026.01.16,09:00,4603.173,4608.512,4598.867,4600.473,8260
2026.01.16,10:00,4600.517,4611.211,4599.796,4600.240,9199
2026.01.16,11:00,4600.274,4616.165,4598.590,4612.495,10475
2026.01.16,12:00,4612.534,4613.042,4597.491,4601.816,12496
2026.01.16,13:00,4601.776,4605.620,4582.629,4601.914,33624
2026.01.16,14:00,4601.933,4614.847,4596.164,4608.005,29319
2026.01.16,15:00,4607.914,4620.541,4536.753,4571.413,75318
2026.01.16,16:00,4571.375,4599.082,4567.945,4591.544,44071
2026.01.16,17:00,4591.575,4593.097,4576.874,4581.484,23506
2026.01.16,18:00,4581.440,4596.093,4580.035,4582.680,20384
2026.01.16,19:00,4582.654,4592.427,4580.899,4590.596,14902
2026.01.16,20:00,4590.611,4596.070,4580.826,4582.010,14322
2026.01.16,21:00,4581.979,4598.575,4581.979,4596.612,11913
2026.01.18,23:01,4655.382,4690.765,4653.848,4672.597,25550
2026.01.19,00:00,4672.654,4682.138,4660.997,4675.375,23848
2026.01.19,01:00,4675.405,4678.375,4656.277,4657.393,37736
2026.01.19,02:00,4657.348,4665.133,4653.162,4662.487,20377
2026.01.19,03:00,4662.389,4669.961,4658.252,4658.545,13919
2026.01.19,04:00,4658.580,4665.995,4658.198,4663.093,8907
2026.01.19,05:00,4663.082,4674.281,4662.983,4669.992,11727
2026.01.19,06:00,4669.979,4679.101,4666.769,4678.032,11169
2026.01.19,07:00,4677.998,4678.569,4661.897,4665.210,13121
2026.01.19,08:00,4665.164,4673.859,4661.707,4663.696,12873
2026.01.19,09:00,4663.660,4672.985,4661.926,4668.497,9795
2026.01.19,10:00,4668.391,4671.281,4661.304,4663.808,8873
2026.01.19,11:00,4663.827,4667.581,4659.620,4660.729,10154
2026.01.19,12:00,4660.700,4673.768,4660.078,4671.982,10287
2026.01.19,13:00,4672.017,4673.731,4664.495,4666.140,12377
2026.01.19,14:00,4666.134,4670.319,4661.535,4666.618,11368
2026.01.19,15:00,4666.591,4676.098,4664.362,4674.353,12261
2026.01.19,16:00,4674.307,4675.646,4670.430,4672.207,7734
2026.01.19,17:00,4672.283,4678.857,4669.195,4676.260,6665
2026.01.19,18:00,4676.305,4680.514,4673.863,4676.564,6158
2026.01.19,19:00,4676.671,4676.813,4667.055,4670.952,4322
2026.01.19,23:01,4673.464,4673.619,4664.599,4665.381,6585
2026.01.20,00:00,4665.395,4668.069,4659.489,4660.528,8588
2026.01.20,01:00,4660.494,4676.126,4659.853,4669.726,16551
2026.01.20,02:00,4669.691,4674.805,4665.551,4668.782,13991
2026.01.20,03:00,4668.717,4681.628,4666.197,4680.208,10563
2026.01.20,04:00,4680.130,4697.095,4679.686,4695.256,11338
2026.01.20,05:00,4695.297,4716.913,4694.259,4714.615,18895
2026.01.20,06:00,4714.575,4717.149,4705.494,4712.556,20379
2026.01.20,07:00,4712.485,4722.799,4711.404,4716.219,14588
2026.01.20,08:00,4716.244,4731.543,4715.024,4729.254,17546
2026.01.20,09:00,4729.304,4737.424,4721.208,4732.428,14732
2026.01.20,10:00,4732.442,4735.037,4723.118,4726.591,12914
2026.01.20,11:00,4726.586,4735.442,4721.607,4733.053,9624
2026.01.20,12:00,4733.009,4733.009,4724.151,4727.550,11719
2026.01.20,13:00,4727.598,4738.516,4715.256,4737.116,33149
2026.01.20,14:00,4737.174,4751.163,4728.653,4741.241,53826
2026.01.20,15:00,4741.199,4748.590,4722.346,4737.591,47688
2026.01.20,16:00,4737.560,4757.900,4729.046,4753.658,25877
2026.01.20,17:00,4753.687,4762.468,4746.118,4759.240,19052
2026.01.20,18:00,4759.322,4766.391,4752.895,4759.383,16574
2026.01.20,19:00,4759.394,4766.303,4756.503,4760.720,12700
2026.01.20,20:00,4760.723,4761.163,4747.442,4756.640,17228
2026.01.20,21:00,4756.665,4764.003,4756.279,4763.400,31123
2026.01.20,23:00,4762.628,4781.107,4757.813,4775.902,9720
2026.01.21,00:00,4775.853,4787.756,4770.788,4784.724,12142
2026.01.21,01:00,4784.674,4844.423,4783.487,4835.326,39186
2026.01.21,02:00,4835.365,4842.255,4817.204,4836.714,26884
2026.01.21,03:00,4836.657,4849.992,4827.118,4845.027,21898
2026.01.21,04:00,4844.954,4871.059,4837.906,4865.886,16437
2026.01.21,05:00,4865.964,4878.265,4858.877,4869.966,21761
2026.01.21,06:00,4870.062,4888.519,4845.503,4847.664,32009
2026.01.21,07:00,4847.607,4857.220,4832.500,4855.193,28675
2026.01.21,08:00,4855.166,4869.694,4851.584,4854.701,18568
2026.01.21,09:00,4854.737,4877.104,4852.357,4860.316,17054
2026.01.21,10:00,4860.267,4866.799,4859.457,4862.166,13180
2026.01.21,11:00,4862.244,4871.568,4855.235,4866.860,12211
2026.01.21,12:00,4866.869,4870.917,4855.793,4865.033,15049
2026.01.21,13:00,4865.085,4880.368,4858.442,4879.422,26983
2026.01.21,14:00,4879.362,4881.022,4839.227,4852.174,68861
2026.01.21,15:00,4852.014,4868.682,4812.728,4847.839,62487
2026.01.21,16:00,4847.885,4855.860,4819.522,4833.360,43937
2026.01.21,17:00,4833.414,4834.336,4802.567,4826.204,44041
2026.01.21,18:00,4826.171,4850.735,4819.853,4850.171,28574
2026.01.21,19:00,4850.065,4854.127,4755.906,4781.288,89322
2026.01.21,20:00,4781.229,4827.861,4772.380,4826.593,56203
2026.01.21,21:00,4826.656,4839.836,4813.262,4828.770,17236
2026.01.21,23:00,4831.049,4831.136,4777.630,4778.394,17897
2026.01.22,00:00,4778.272,4798.855,4778.141,4798.184,22641
2026.01.22,01:00,4798.113,4809.647,4772.232,4797.897,35720
2026.01.22,02:00,4797.815,4798.357,4774.928,4789.075,24219
2026.01.22,03:00,4789.043,4797.017,4784.181,4796.628,14318
2026.01.22,04:00,4796.606,4800.543,4793.879,4797.379,11563
2026.01.22,05:00,4797.410,4821.626,4793.712,4821.307,14988
2026.01.22,06:00,4821.354,4829.259,4816.449,4826.598,15882
2026.01.22,07:00,4826.634,4838.883,4825.661,4832.708,13946
2026.01.22,08:00,4832.683,4835.672,4822.415,4830.712,13930
2026.01.22,09:00,4830.689,4837.986,4813.919,4823.125,16160
2026.01.22,10:00,4823.083,4831.875,4819.235,4829.050,11434
2026.01.22,11:00,4829.070,4836.490,4824.559,4831.143,10516
2026.01.22,12:00,4831.123,4832.584,4818.894,4819.863,12641
2026.01.22,13:00,4819.927,4835.343,4810.717,4822.205,26864
2026.01.22,14:00,4822.139,4847.782,4820.383,4835.203,34144
2026.01.22,15:00,4835.180,4873.744,4827.030,4871.738,35450
2026.01.22,16:00,4871.816,4885.518,4868.109,4878.104,26086
2026.01.22,17:00,4878.043,4906.366,4869.724,4904.615,32590
2026.01.22,18:00,4904.504,4919.378,4901.334,4916.003,24667
2026.01.22,19:00,4915.957,4924.501,4905.960,4911.687,17336
2026.01.22,20:00,4911.724,4928.435,4911.385,4916.980,17311
2026.01.22,21:00,4917.013,4940.842,4914.569,4936.244,11567
2026.01.22,23:00,4944.370,4960.614,4930.737,4958.996,17543
2026.01.23,00:00,4959.035,4965.805,4947.614,4965.075,16480
2026.01.23,01:00,4965.109,4967.579,4936.362,4953.648,36876
2026.01.23,02:00,4953.605,4962.258,4946.908,4955.760,14984
2026.01.23,03:00,4955.789,4959.039,4938.249,4952.031,17370
2026.01.23,04:00,4951.995,4958.384,4950.180,4956.307,7695
2026.01.23,05:00,4956.283,4967.358,4954.459,4960.648,9517
2026.01.23,06:00,4960.625,4962.990,4945.479,4953.732,18632
2026.01.23,07:00,4953.757,4959.619,4943.389,4944.437,15579
2026.01.23,08:00,4944.373,4947.582,4901.320,4913.804,30603
2026.01.23,09:00,4913.844,4921.756,4899.566,4918.601,24133
2026.01.23,10:00,4918.562,4932.375,4915.686,4929.895,14799
2026.01.23,11:00,4929.845,4930.005,4911.991,4922.930,15158
2026.01.23,12:00,4923.023,4942.584,4918.244,4939.288,15911
2026.01.23,13:00,4939.263,4947.992,4923.842,4938.985,38307
2026.01.23,14:00,4939.098,4956.583,4932.852,4943.177,31854
2026.01.23,15:00,4943.255,4963.349,4938.524,4960.608,32029
2026.01.23,16:00,4960.635,4988.358,4959.101,4980.321,28672
2026.01.23,17:00,4980.359,4988.128,4962.088,4966.056,24771
2026.01.23,18:00,4966.028,4984.143,4958.255,4966.816,26849
2026.01.23,19:00,4966.842,4989.791,4966.842,4984.215,16095
2026.01.23,20:00,4984.187,4985.749,4970.621,4981.217,21897
2026.01.23,21:00,4981.177,4989.074,4978.055,4988.361,9058
2026.01.25,23:01,5019.871,5040.320,5003.599,5039.813,30689
2026.01.26,00:00,5039.845,5052.098,5030.535,5041.854,25131
2026.01.26,01:00,5041.713,5085.723,5029.126,5071.219,47103
2026.01.26,02:00,5071.245,5093.128,5067.046,5081.144,35318
2026.01.26,03:00,5081.084,5087.979,5070.032,5076.565,27539
2026.01.26,04:00,5076.595,5078.026,5058.145,5070.469,18176
2026.01.26,05:00,5070.386,5076.439,5052.373,5074.319,33589
2026.01.26,06:00,5074.367,5111.197,5065.343,5077.739,38202
2026.01.26,07:00,5077.686,5095.725,5074.087,5089.299,21316
2026.01.26,08:00,5089.258,5098.323,5080.046,5083.370,20462
2026.01.26,09:00,5083.365,5098.681,5075.398,5084.144,21563
2026.01.26,10:00,5084.137,5095.040,5078.658,5091.663,16828
2026.01.26,11:00,5091.636,5092.818,5078.532,5091.462,13924
2026.01.26,12:00,5091.430,5097.006,5077.232,5078.910,20735
2026.01.26,13:00,5078.870,5083.335,5054.552,5068.576,36278
2026.01.26,14:00,5068.610,5096.961,5058.283,5096.293,43822
2026.01.26,15:00,5096.342,5097.390,5073.858,5090.922,44452
2026.01.26,16:00,5090.962,5104.994,5065.338,5089.538,51198
2026.01.26,17:00,5089.586,5105.234,5080.772,5100.928,32957
2026.01.26,18:00,5100.998,5103.278,5057.827,5068.897,63483
2026.01.26,19:00,5068.920,5069.772,5008.242,5028.721,101827
2026.01.26,20:00,5028.744,5062.318,5026.183,5055.249,61446
2026.01.26,21:00,5055.285,5059.342,4989.656,5009.230,53140
2026.01.26,23:00,5029.882,5061.533,5018.914,5043.653,20083
2026.01.27,00:00,5043.612,5054.021,5013.509,5032.721,26645
2026.01.27,01:00,5032.749,5075.976,5018.805,5060.423,55180
2026.01.27,02:00,5060.378,5079.867,5049.615,5072.460,27047
2026.01.27,03:00,5072.501,5079.145,5060.270,5076.895,21980
2026.01.27,04:00,5076.843,5078.634,5061.537,5068.007,17008
2026.01.27,05:00,5068.001,5085.252,5057.388,5083.037,22125
2026.01.27,06:00,5082.930,5094.090,5076.597,5085.916,22067
2026.01.27,07:00,5085.892,5100.986,5081.621,5086.152,28318
2026.01.27,08:00,5086.087,5088.450,5073.337,5079.378,22723
2026.01.27,09:00,5079.424,5099.697,5077.987,5098.629,18917
2026.01.27,10:00,5098.600,5098.600,5081.914,5086.187,17688
2026.01.27,11:00,5086.225,5090.973,5066.916,5076.787,17220
2026.01.27,12:00,5076.726,5091.234,5073.624,5085.061,22431
2026.01.27,13:00,5085.010,5092.999,5069.517,5077.517,38742
2026.01.27,14:00,5077.454,5082.423,5046.489,5054.285,77544
2026.01.27,15:00,5054.250,5091.541,5047.507,5091.151,61808
2026.01.27,16:00,5091.035,5103.175,5083.402,5087.528,39450
2026.01.27,17:00,5087.478,5094.241,5076.742,5081.364,40610
2026.01.27,18:00,5081.334,5095.445,5076.188,5088.076,33059
2026.01.27,19:00,5088.030,5100.023,5081.195,5098.950,17157
2026.01.27,20:00,5098.976,5182.562,5097.926,5176.622,90772
2026.01.27,21:00,5176.685,5190.514,5169.465,5180.539,34103
2026.01.27,23:00,5177.156,5177.280,5159.098,5172.457,16301
2026.01.28,00:00,5172.413,5180.124,5157.083,5171.957,22309
2026.01.28,01:00,5171.901,5225.281,5168.826,5204.789,61940
2026.01.28,02:00,5204.761,5234.460,5201.603,5231.956,40102
2026.01.28,03:00,5231.828,5247.804,5224.556,5235.001,32202
2026.01.28,04:00,5234.975,5248.994,5232.383,5245.663,16889
2026.01.28,05:00,5245.679,5266.524,5241.653,5261.168,28037
2026.01.28,06:00,5261.211,5271.440,5252.076,5269.901,26201
2026.01.28,07:00,5269.939,5292.867,5263.017,5290.421,26548
2026.01.28,08:00,5290.377,5311.566,5280.782,5293.699,38398
2026.01.28,09:00,5293.686,5297.462,5262.862,5278.015,29998
2026.01.28,10:00,5278.096,5285.660,5269.369,5269.986,21809
2026.01.28,11:00,5269.997,5270.816,5238.642,5261.662,32870
2026.01.28,12:00,5261.724,5279.310,5251.675,5279.216,29999
2026.01.28,13:00,5279.167,5289.609,5257.046,5266.650,44930
2026.01.28,14:00,5266.678,5288.697,5248.450,5286.160,61452
2026.01.28,15:00,5286.196,5298.201,5235.272,5278.259,110154
2026.01.28,16:00,5278.300,5300.223,5274.469,5299.777,52337
2026.01.28,17:00,5299.814,5307.061,5283.067,5298.207,40461
2026.01.28,18:00,5298.257,5326.234,5268.520,5283.621,67871
2026.01.28,19:00,5283.511,5332.288,5269.370,5325.355,79337
2026.01.28,20:00,5325.400,5391.563,5320.922,5376.918,83926
2026.01.28,21:00,5376.948,5417.611,5376.948,5417.532,39576
2026.01.28,23:00,5448.163,5570.054,5432.543,5513.013,63903
2026.01.29,00:00,5513.122,5527.300,5450.350,5520.325,60781
2026.01.29,01:00,5520.367,5551.693,5445.495,5545.811,100421
2026.01.29,02:00,5545.764,5550.147,5504.544,5535.917,64962
2026.01.29,03:00,5535.964,5548.906,5508.506,5545.793,51613
2026.01.29,04:00,5545.755,5564.617,5533.612,5558.415,35395
2026.01.29,05:00,5558.352,5564.534,5516.134,5562.643,50289
2026.01.29,06:00,5562.671,5595.378,5554.771,5561.672,53674
2026.01.29,07:00,5561.633,5575.029,5536.988,5548.992,52756
2026.01.29,08:00,5548.957,5554.977,5473.990,5509.828,69815
2026.01.29,09:00,5509.784,5529.708,5498.042,5514.171,39882
2026.01.29,10:00,5514.139,5525.261,5482.290,5483.367,32261
2026.01.29,11:00,5483.414,5528.902,5470.726,5522.692,25920
2026.01.29,12:00,5522.644,5542.982,5518.508,5534.193,23548
2026.01.29,13:00,5534.308,5540.844,5500.285,5510.427,33745
2026.01.29,14:00,5510.510,5549.561,5491.139,5497.741,62332
2026.01.29,15:00,5497.280,5497.280,5095.062,5182.879,141146
2026.01.29,16:00,5182.831,5311.298,5171.951,5264.047,91984
2026.01.29,17:00,5264.101,5375.494,5264.101,5335.359,70818
2026.01.29,18:00,5335.419,5362.151,5307.939,5339.061,56614
2026.01.29,19:00,5339.122,5345.286,5290.244,5305.726,55294
2026.01.29,20:00,5305.795,5407.096,5282.845,5394.536,42414
2026.01.29,21:00,5394.456,5426.042,5374.632,5377.529,29905
2026.01.29,23:00,5400.839,5448.575,5388.276,5438.613,40265
2026.01.30,00:00,5438.575,5450.941,5389.923,5407.052,56375
2026.01.30,01:00,5407.122,5409.768,5291.388,5301.736,130853
2026.01.30,02:00,5301.636,5312.836,5112.070,5224.760,236824
2026.01.30,03:00,5224.800,5229.928,5150.733,5196.550,112254
2026.01.30,04:00,5196.502,5230.878,5193.814,5214.857,60919
2026.01.30,05:00,5214.836,5241.649,5180.077,5184.957,61192
2026.01.30,06:00,5184.853,5205.378,5145.568,5155.971,84021
2026.01.30,07:00,5155.946,5186.730,5117.663,5181.188,88732
2026.01.30,08:00,5181.221,5181.221,5056.014,5117.294,112315
2026.01.30,09:00,5117.281,5132.858,4940.291,5013.660,201299
2026.01.30,10:00,5013.570,5122.656,5001.029,5119.755,108334
2026.01.30,11:00,5119.726,5144.865,5089.746,5136.094,74635
2026.01.30,12:00,5136.103,5145.966,5055.467,5064.779,97364
2026.01.30,13:00,5064.597,5099.966,4991.949,5019.443,133917
2026.01.30,14:00,5019.475,5113.555,5014.388,5033.153,138704
2026.01.30,15:00,5033.183,5074.047,4980.422,5050.496,95355
2026.01.30,16:00,5050.615,5051.689,4942.040,4985.175,88095
2026.01.30,17:00,4985.121,4986.101,4801.133,4849.962,104639
2026.01.30,18:00,4849.900,4894.461,4682.723,4880.766,149913
2026.01.30,19:00,4880.822,4947.876,4840.129,4932.685,79307
2026.01.30,20:00,4932.725,4933.019,4809.051,4847.593,69601
2026.01.30,21:00,4847.473,4892.953,4831.760,4891.520,31741
2026.02.01,23:01,4793.603,4819.812,4697.936,4741.575,41018
2026.02.02,00:00,4741.766,4884.911,4740.178,4766.898,73328
2026.02.02,01:00,4766.968,4784.864,4585.325,4737.073,105170
2026.02.02,02:00,4736.958,4773.045,4698.075,4711.123,69733
2026.02.02,03:00,4711.043,4729.518,4630.309,4646.657,72627
2026.02.02,04:00,4646.519,4713.550,4603.532,4679.800,60535
2026.02.02,05:00,4679.729,4696.868,4498.117,4549.481,79549
2026.02.02,06:00,4549.503,4573.643,4402.089,4504.787,104919
2026.02.02,07:00,4505.011,4619.138,4484.778,4587.099,68012
2026.02.02,08:00,4587.208,4651.426,4561.501,4640.825,55344
2026.02.02,09:00,4640.861,4731.417,4603.551,4719.558,63885
2026.02.02,10:00,4719.513,4733.982,4657.252,4705.772,49647
2026.02.02,11:00,4705.754,4779.735,4703.629,4765.881,44568
2026.02.02,12:00,4765.906,4812.486,4743.141,4794.245,44277
2026.02.02,13:00,4794.181,4803.930,4669.459,4706.191,86704
2026.02.02,14:00,4706.293,4794.419,4680.117,4719.198,82780
2026.02.02,15:00,4719.564,4745.588,4617.085,4619.987,94416
2026.02.02,16:00,4620.077,4708.775,4596.535,4665.786,67098
2026.02.02,17:00,4665.947,4714.191,4656.457,4674.096,41681
2026.02.02,18:00,4674.167,4674.338,4618.300,4657.960,47623
2026.02.02,19:00,4657.882,4712.976,4631.437,4685.443,33439
2026.02.02,20:00,4685.539,4700.690,4647.373,4652.311,42370
2026.02.02,21:00,4652.448,4687.388,4643.795,4658.208,22405
2026.02.02,23:00,4685.170,4775.156,4682.016,4774.202,21422
2026.02.03,00:00,4774.289,4831.133,4766.279,4780.326,34902
2026.02.03,01:00,4780.416,4856.973,4766.475,4841.587,59837
2026.02.03,02:00,4841.644,4842.169,4745.528,4783.263,55718
2026.02.03,03:00,4783.317,4813.434,4751.960,4809.311,38035
2026.02.03,04:00,4809.233,4825.425,4800.695,4809.164,23086
2026.02.03,05:00,4809.274,4842.081,4809.167,4825.133,25646
2026.02.03,06:00,4825.216,4894.361,4816.627,4881.279,37886
2026.02.03,07:00,4881.183,4933.731,4871.878,4917.127,24104
2026.02.03,08:00,4917.201,4949.919,4898.583,4912.552,23946
2026.02.03,09:00,4912.495,4926.172,4884.639,4916.155,22643
2026.02.03,10:00,4916.137,4929.900,4901.917,4902.470,15338
2026.02.03,11:00,4902.542,4919.426,4883.567,4916.969,17800
2026.02.03,12:00,4916.847,4936.338,4892.265,4913.799,21433
2026.02.03,13:00,4913.877,4951.054,4902.382,4932.713,36913
2026.02.03,14:00,4932.886,4936.428,4893.623,4917.318,45636
2026.02.03,15:00,4916.964,4948.345,4904.571,4935.477,40885
2026.02.03,16:00,4935.382,4993.790,4929.975,4955.686,35136
2026.02.03,17:00,4955.572,4969.772,4907.320,4929.152,52788
2026.02.03,18:00,4929.029,4954.078,4885.048,4908.498,44968
2026.02.03,19:00,4908.576,4948.953,4880.394,4927.274,36393
2026.02.03,20:00,4927.200,4956.920,4902.347,4944.630,26758
2026.02.03,21:00,4944.568,4964.435,4933.661,4946.472,11030
2026.02.03,23:00,4958.714,4972.163,4909.660,4947.231,16390
2026.02.04,00:00,4947.443,5016.238,4945.745,5015.640,28486
2026.02.04,01:00,5015.645,5053.560,4985.022,5046.489,38959
2026.02.04,02:00,5046.609,5065.511,5035.650,5040.538,19462
2026.02.04,03:00,5040.426,5073.590,5036.346,5069.976,16321
2026.02.04,04:00,5070.062,5081.325,5056.285,5080.507,8921
2026.02.04,05:00,5080.493,5090.301,5069.264,5079.633,13237
2026.02.04,06:00,5079.711,5082.981,5051.150,5076.622,18879
2026.02.04,07:00,5076.547,5091.432,5062.210,5084.756,12424
2026.02.04,08:00,5084.672,5091.926,5068.713,5083.452,12746
2026.02.04,09:00,5083.601,5086.932,5042.843,5060.159,17015
2026.02.04,10:00,5060.254,5064.266,5041.485,5048.650,13236
2026.02.04,11:00,5048.741,5053.731,5013.480,5047.710,14752
2026.02.04,12:00,5047.600,5063.439,5036.074,5040.909,12116
2026.02.04,13:00,5041.164,5063.598,5023.140,5053.966,25094
2026.02.04,14:00,5054.050,5059.127,4966.788,4986.382,58651
2026.02.04,15:00,4986.339,5007.751,4887.486,4920.618,66556
2026.02.04,16:00,4920.434,4940.055,4852.112,4904.554,59267
2026.02.04,17:00,4904.472,4930.780,4888.138,4898.210,43396
2026.02.04,18:00,4898.176,4935.233,4872.935,4927.473,30173
2026.02.04,19:00,4927.550,4958.056,4914.645,4941.875,21165
2026.02.04,20:00,4941.911,4952.080,4914.458,4938.606,18115
2026.02.04,21:00,4938.531,4970.744,4937.698,4965.167,7266
2026.02.04,23:00,4969.663,5023.807,4969.017,5012.305,10405
2026.02.05,00:00,5012.226,5020.494,4996.821,5006.761,15059
2026.02.05,01:00,5006.930,5012.025,4936.096,4958.957,47759
2026.02.05,02:00,4959.047,4962.186,4804.691,4811.979,79731
2026.02.05,03:00,4812.155,4888.277,4788.611,4880.561,56542
2026.02.05,04:00,4880.485,4891.266,4863.321,4863.601,23581
2026.02.05,05:00,4863.753,4906.737,4826.280,4896.212,34049
2026.02.05,06:00,4896.268,4934.228,4877.737,4920.406,30907
2026.02.05,07:00,4920.265,4941.050,4895.783,4915.608,24502
2026.02.05,08:00,4915.730,4943.598,4901.164,4912.251,24716
2026.02.05,09:00,4912.122,4914.312,4849.308,4855.172,36073
2026.02.05,10:00,4855.005,4886.925,4847.134,4877.147,24858
2026.02.05,11:00,4877.141,4894.520,4864.462,4868.275,15050
2026.02.05,12:00,4868.356,4878.029,4810.654,4854.061,39990
2026.02.05,13:00,4853.983,4868.226,4802.062,4835.477,54474
2026.02.05,14:00,4835.368,4870.034,4805.809,4845.951,66748
2026.02.05,15:00,4845.709,4865.695,4800.564,4817.601,61258
2026.02.05,16:00,4817.695,4906.966,4812.335,4888.950,49872
2026.02.05,17:00,4888.683,4890.761,4859.177,4869.318,31875
2026.02.05,18:00,4869.266,4875.407,4851.148,4858.243,27759
2026.02.05,19:00,4858.159,4865.300,4823.435,4829.362,22059
2026.02.05,20:00,4829.470,4843.181,4792.801,4811.329,24745
2026.02.05,21:00,4811.242,4826.102,4759.181,4776.862,19127
2026.02.05,23:00,4761.271,4781.998,4703.376,4703.754,17281
2026.02.06,00:00,4703.706,4764.524,4655.199,4762.823,51343
2026.02.06,01:00,4762.747,4784.981,4693.815,4774.131,63927
2026.02.06,02:00,4774.251,4846.569,4760.692,4816.604,36882
2026.02.06,03:00,4816.527,4839.172,4800.907,4824.312,21387
2026.02.06,04:00,4824.196,4831.799,4807.067,4813.837,11613
2026.02.06,05:00,4813.820,4897.930,4807.640,4897.615,20705
2026.02.06,06:00,4897.537,4903.267,4825.276,4846.535,26251
2026.02.06,07:00,4846.455,4861.739,4838.396,4840.977,14240
2026.02.06,08:00,4840.919,4882.544,4829.484,4862.223,23092
2026.02.06,09:00,4862.107,4872.752,4838.124,4866.584,17675
2026.02.06,10:00,4866.833,4879.984,4851.591,4878.495,10624
2026.02.06,11:00,4878.390,4895.977,4863.944,4887.165,12246
2026.02.06,12:00,4887.257,4903.514,4871.157,4900.371,13762
2026.02.06,13:00,4900.330,4938.446,4897.260,4928.995,26541
2026.02.06,14:00,4928.996,4950.186,4894.567,4948.008,29509
2026.02.06,15:00,4948.430,4964.970,4928.435,4943.456,26604
2026.02.06,16:00,4943.561,4953.673,4921.930,4951.622,18837
2026.02.06,17:00,4951.700,4968.631,4948.287,4960.524,12913
2026.02.06,18:00,4960.443,4971.407,4943.755,4962.600,11076
2026.02.06,19:00,4962.521,4963.288,4948.638,4957.131,6916
2026.02.06,20:00,4957.164,4959.154,4936.619,4953.395,10304
2026.02.06,21:00,4953.456,4968.384,4946.480,4968.279,5966
2026.02.08,23:01,4967.823,5046.987,4964.705,5036.010,13960
2026.02.09,00:00,5036.085,5045.096,5011.732,5019.896,18670
2026.02.09,01:00,5020.096,5042.239,4975.889,4982.711,27288
2026.02.09,02:00,4982.788,5017.595,4969.170,5007.445,16979
2026.02.09,03:00,5007.232,5031.437,5005.742,5016.132,11262
2026.02.09,04:00,5016.220,5024.993,5007.385,5012.006,8477
2026.02.09,05:00,5012.000,5041.722,5011.188,5036.638,11876
2026.02.09,06:00,5036.553,5045.814,5013.806,5031.110,15383
2026.02.09,07:00,5031.230,5031.230,4997.234,5006.426,13897
2026.02.09,08:00,5006.351,5035.798,5002.934,5027.356,10267
2026.02.09,09:00,5027.491,5040.839,5002.835,5007.856,10843
2026.02.09,10:00,5008.008,5015.079,4982.134,4991.051,16472
2026.02.09,11:00,4991.071,5018.044,4988.495,5010.682,12551
2026.02.09,12:00,5010.989,5021.848,5007.362,5013.493,11413
2026.02.09,13:00,5013.251,5024.719,4995.031,5007.218,20165
2026.02.09,14:00,5007.105,5040.668,5002.295,5037.935,21332
2026.02.09,15:00,5037.832,5060.261,5023.748,5058.813,16675
2026.02.09,16:00,5058.934,5080.802,5056.428,5073.538,11922
2026.02.09,17:00,5073.620,5075.486,5040.920,5046.460,10466
2026.02.09,18:00,5046.344,5064.119,5044.008,5062.940,10558
2026.02.09,19:00,5062.862,5080.074,5062.376,5074.658,6486
2026.02.09,20:00,5074.767,5086.763,5072.152,5079.766,7906
2026.02.09,21:00,5079.840,5083.152,5047.924,5060.150,7584
2026.02.09,23:00,5072.078,5075.178,4987.309,5031.969,16628
2026.02.10,00:00,5031.895,5048.526,5008.620,5018.668,15990
2026.02.10,01:00,5018.587,5037.981,5012.132,5032.663,22950
2026.02.10,02:00,5032.655,5056.325,5031.619,5038.476,14905
2026.02.10,03:00,5038.355,5038.355,5016.240,5030.212,12177
2026.02.10,04:00,5029.882,5034.017,5017.858,5031.732,7869
2026.02.10,05:00,5031.525,5040.671,5011.210,5039.289,10359
2026.02.10,06:00,5039.212,5045.425,5018.972,5024.411,12734
2026.02.10,07:00,5024.756,5036.062,5018.436,5033.941,12543
2026.02.10,08:00,5033.865,5054.959,5029.115,5041.734,10959
2026.02.10,09:00,5041.516,5063.167,5040.642,5046.791,10064
2026.02.10,10:00,5046.899,5058.227,5037.027,5047.097,9148
2026.02.10,11:00,5047.021,5057.409,5044.472,5055.977,6720
2026.02.10,12:00,5056.113,5057.140,5019.403,5032.067,11820
2026.02.10,13:00,5032.357,5058.819,5026.329,5051.145,13381
2026.02.10,14:00,5051.184,5078.625,5020.516,5039.758,22788
2026.02.10,15:00,5039.675,5048.059,4998.842,5019.734,24550
2026.02.10,16:00,5019.817,5026.540,5005.487,5023.748,17197
2026.02.10,17:00,5023.645,5040.153,5020.715,5026.368,8638
2026.02.10,18:00,5026.292,5028.049,5004.561,5013.280,12278
2026.02.10,19:00,5013.198,5030.152,5008.862,5028.110,7448
2026.02.10,20:00,5028.063,5045.334,5020.164,5030.381,8332
2026.02.10,21:00,5030.307,5032.627,5020.366,5023.110,17806
2026.02.10,23:00,5027.377,5054.522,5027.377,5041.598,6615
2026.02.11,00:00,5041.664,5049.389,5028.193,5037.857,9496
2026.02.11,01:00,5037.957,5052.889,5030.300,5052.380,11739
2026.02.11,02:00,5052.477,5057.878,5032.537,5055.653,9575
2026.02.11,03:00,5055.699,5061.069,5045.168,5054.522,7117
2026.02.11,04:00,5054.521,5059.580,5045.780,5046.433,5135
2026.02.11,05:00,5046.464,5064.129,5043.419,5052.575,7844
2026.02.11,06:00,5052.877,5064.583,5049.484,5064.227,9047
2026.02.11,07:00,5064.116,5069.375,5048.804,5055.466,11596
2026.02.11,08:00,5055.427,5060.376,5045.604,5053.521,7519
2026.02.11,09:00,5053.550,5072.040,5046.998,5062.683,7885
2026.02.11,10:00,5062.880,5102.004,5062.565,5093.439,13653
2026.02.11,11:00,5093.032,5116.870,5082.461,5111.638,10118
2026.02.11,12:00,5111.715,5119.305,5050.360,5083.429,17421
2026.02.11,13:00,5083.325,5090.035,5018.860,5065.851,32714
2026.02.11,14:00,5065.757,5082.828,5035.723,5059.335,27107
2026.02.11,15:00,5059.551,5081.946,5039.031,5060.347,28684
2026.02.11,16:00,5060.259,5078.338,5042.743,5075.157,16590
2026.02.11,17:00,5075.080,5099.014,5068.107,5091.734,11355
2026.02.11,18:00,5091.632,5092.895,5066.571,5082.214,12217
2026.02.11,19:00,5082.335,5094.213,5076.510,5082.227,8874
2026.02.11,20:00,5082.149,5090.312,5078.184,5086.846,7225
2026.02.11,21:00,5086.918,5092.840,5069.715,5082.544,6204
2026.02.11,23:00,5099.405,5100.228,5053.344,5061.463,8754
2026.02.12,00:00,5061.371,5067.526,5049.859,5063.266,13256
2026.02.12,01:00,5062.955,5064.058,5045.090,5063.523,14138
2026.02.12,02:00,5063.791,5072.887,5054.867,5065.885,9947
2026.02.12,03:00,5066.002,5074.724,5054.944,5056.987,7792
2026.02.12,04:00,5057.014,5070.008,5050.869,5069.360,5497
2026.02.12,05:00,5069.277,5078.256,5064.602,5075.640,8185
2026.02.12,06:00,5075.574,5076.316,5047.008,5059.713,10188
2026.02.12,07:00,5059.821,5066.362,5051.892,5063.699,6866
2026.02.12,08:00,5064.011,5073.525,5052.301,5068.376,7602
2026.02.12,09:00,5068.298,5081.057,5066.075,5073.337,6643
2026.02.12,10:00,5073.329,5076.942,5056.222,5062.070,7238
2026.02.12,11:00,5062.080,5068.497,5059.559,5064.108,5297
2026.02.12,12:00,5064.253,5068.598,5048.851,5052.630,7489
2026.02.12,13:00,5052.702,5083.711,5051.328,5075.385,10077
2026.02.12,14:00,5075.296,5077.861,5039.213,5044.561,20288
2026.02.12,15:00,5044.261,5074.669,5039.716,5060.552,12802
2026.02.12,16:00,5060.628,5068.353,4878.455,4954.490,108330
2026.02.12,17:00,4954.649,4983.152,4939.532,4941.119,40208
2026.02.12,18:00,4941.039,4952.134,4906.349,4935.830,35671
2026.02.12,19:00,4935.815,4958.254,4927.989,4945.719,19470
2026.02.12,20:00,4945.640,4948.465,4911.000,4914.929,18334
2026.02.12,21:00,4914.831,4927.071,4911.520,4922.364,7625
2026.02.12,23:00,4893.160,4928.558,4887.701,4920.178,10792
2026.02.13,00:00,4920.093,4948.704,4913.732,4928.127,15802
2026.02.13,01:00,4928.055,4988.886,4927.122,4980.607,20354
2026.02.13,02:00,4980.661,4991.820,4972.196,4988.579,11748
2026.02.13,03:00,4988.542,4989.259,4973.940,4981.535,7876
2026.02.13,04:00,4981.502,4997.222,4972.851,4976.658,6705
2026.02.13,05:00,4976.898,4986.492,4945.008,4946.694,11601
2026.02.13,06:00,4946.620,4968.766,4946.338,4967.239,12001
2026.02.13,07:00,4966.980,4982.561,4951.162,4974.887,11818
2026.02.13,08:00,4974.962,4989.602,4970.653,4982.488,11003
2026.02.13,09:00,4982.570,4982.677,4961.581,4970.423,8928
2026.02.13,10:00,4970.236,4980.818,4946.985,4950.333,8659
2026.02.13,11:00,4950.210,4955.628,4933.554,4954.083,12306
2026.02.13,12:00,4954.070,4974.163,4951.931,4969.460,9560
2026.02.13,13:00,4969.553,5001.888,4957.562,4986.893,17064
2026.02.13,14:00,4987.034,5011.321,4963.988,4995.888,32371
2026.02.13,15:00,4995.972,5020.896,4973.796,4977.093,31003
2026.02.13,16:00,4977.165,5034.297,4975.190,5007.978,19310
2026.02.13,17:00,5008.049,5029.294,5005.831,5020.942,10973
2026.02.13,18:00,5020.854,5035.765,5015.542,5031.265,10282
2026.02.13,19:00,5031.338,5046.111,5023.425,5023.709,9997
2026.02.13,20:00,5023.828,5034.826,5021.272,5032.527,10453
2026.02.13,21:00,5032.451,5046.185,5029.582,5042.689,8970
2026.02.15,23:01,5026.880,5032.223,5010.368,5019.929,10049
2026.02.16,00:00,5019.913,5023.040,4999.718,5015.535,10468
2026.02.16,01:00,5015.382,5031.219,5006.805,5029.134,7970
2026.02.16,02:00,5028.908,5031.573,4992.122,4994.712,9239
2026.02.16,03:00,4994.628,4999.881,4974.954,4987.729,9314
2026.02.16,04:00,4987.727,4992.218,4972.824,4977.907,7987
2026.02.16,05:00,4977.825,4990.916,4964.536,4990.766,7335
2026.02.16,06:00,4990.568,5003.237,4984.743,4995.022,6300
2026.02.16,07:00,4994.968,5009.996,4988.911,5007.256,6934
2026.02.16,08:00,5007.329,5013.506,4995.766,5007.947,7418
2026.02.16,09:00,5008.021,5017.274,5007.764,5013.644,5513
2026.02.16,10:00,5013.572,5017.210,5000.146,5006.160,6204
2026.02.16,11:00,5006.113,5008.142,4998.749,5004.291,5050
2026.02.16,12:00,5004.270,5008.150,4992.768,5001.923,6249
2026.02.16,13:00,5001.946,5003.577,4989.661,4997.500,6437
2026.02.16,14:00,4997.260,4999.481,4981.701,4988.132,7714
2026.02.16,15:00,4988.032,4988.421,4968.861,4979.778,9043
2026.02.16,16:00,4979.762,4990.348,4972.966,4988.190,6450
2026.02.16,17:00,4988.235,4995.932,4987.909,4991.485,4434
2026.02.16,18:00,4991.573,4997.975,4988.342,4994.750,5772
2026.02.16,19:00,4994.674,4996.148,4990.578,4993.910,3526
2026.02.16,23:01,4998.200,5000.893,4985.258,4990.037,5084
2026.02.17,00:00,4989.877,4991.634,4931.449,4935.754,12442
2026.02.17,01:00,4935.846,4963.936,4922.793,4957.986,13263
2026.02.17,02:00,4957.906,4971.478,4954.364,4967.070,6625
2026.02.17,03:00,4966.990,4970.127,4949.869,4956.751,7254
2026.02.17,04:00,4956.793,4960.398,4946.826,4952.846,5445
2026.02.17,05:00,4952.772,4954.318,4858.668,4888.664,25638
2026.02.17,06:00,4888.704,4914.268,4886.558,4910.419,10696
2026.02.17,07:00,4910.498,4922.056,4903.865,4917.041,8768
2026.02.17,08:00,4916.960,4930.447,4915.901,4920.751,9665
2026.02.17,09:00,4920.905,4932.645,4912.783,4926.099,9001
2026.02.17,10:00,4926.054,4939.236,4907.671,4913.175,8801
2026.02.17,11:00,4913.349,4931.090,4913.195,4929.180,7345
2026.02.17,12:00,4929.270,4944.462,4928.233,4932.324,9512
2026.02.17,13:00,4932.227,4933.339,4869.658,4870.520,18473
2026.02.17,14:00,4870.757,4907.236,4841.119,4864.262,43832
2026.02.17,15:00,4864.172,4882.535,4848.804,4878.389,34380
2026.02.17,16:00,4878.466,4893.521,4868.414,4869.498,21294
2026.02.17,17:00,4869.423,4871.357,4849.885,4865.146,17401
2026.02.17,18:00,4865.360,4910.778,4862.526,4899.012,17176
2026.02.17,19:00,4899.133,4901.299,4876.515,4880.507,12651
2026.02.17,20:00,4880.432,4884.311,4873.281,4878.131,11948
2026.02.17,21:00,4878.061,4887.083,4874.908,4878.129,4948
2026.02.17,23:00,4863.141,4884.767,4853.952,4859.577,8061
2026.02.18,00:00,4859.263,4883.154,4858.434,4874.882,10266
2026.02.18,01:00,4874.823,4892.977,4874.559,4889.861,8022
2026.02.18,02:00,4889.760,4907.237,4886.490,4905.352,6153
2026.02.18,03:00,4905.148,4922.232,4904.300,4920.927,5526
2026.02.18,04:00,4920.998,4940.302,4918.503,4933.960,6020
2026.02.18,05:00,4934.035,4939.839,4929.862,4933.480,4869
2026.02.18,06:00,4933.554,4936.122,4924.912,4930.751,5819
2026.02.18,07:00,4930.669,4942.435,4929.254,4930.360,5372
2026.02.18,08:00,4930.438,4932.421,4916.584,4917.238,6488
2026.02.18,09:00,4917.072,4923.037,4913.090,4917.467,6467
2026.02.18,10:00,4917.472,4924.496,4909.285,4914.558,7748
2026.02.18,11:00,4914.551,4917.627,4906.360,4913.193,5413
2026.02.18,12:00,4912.928,4947.324,4911.939,4943.211,8545
2026.02.18,13:00,4943.288,4969.180,4943.111,4954.337,11916
2026.02.18,14:00,4954.685,4994.533,4952.174,4991.654,17980
2026.02.18,15:00,4991.824,5009.052,4991.683,4998.140,14240
2026.02.18,16:00,4998.214,5011.101,4991.421,5000.643,10171
2026.02.18,17:00,5000.732,5001.701,4993.359,4999.024,7512
2026.02.18,18:00,4998.996,5003.176,4980.532,4987.479,10231
2026.02.18,19:00,4987.008,4995.549,4972.864,4980.713,12773
2026.02.18,20:00,4980.490,4987.567,4975.563,4984.831,9069
2026.02.18,21:00,4984.732,4986.579,4975.776,4976.338,3319
2026.02.18,23:00,4974.376,4988.790,4961.104,4976.229,6952
2026.02.19,00:00,4976.004,4976.200,4960.474,4961.435,8062
2026.02.19,01:00,4961.087,4975.478,4960.559,4972.953,6444
2026.02.19,02:00,4972.996,4977.283,4965.736,4968.374,5625
2026.02.19,03:00,4968.297,4983.625,4966.488,4981.877,5464
2026.02.19,04:00,4981.795,4985.458,4976.990,4984.235,4445
2026.02.19,05:00,4984.231,4998.697,4984.231,4997.118,4654
2026.02.19,06:00,4996.961,5020.238,4996.754,5018.334,5653
2026.02.19,07:00,5018.412,5021.893,5008.762,5010.417,5886
2026.02.19,08:00,5010.344,5022.140,5006.136,5017.010,6462
2026.02.19,09:00,5017.025,5020.327,4992.890,4995.868,7661
2026.02.19,10:00,4995.794,4996.250,4981.473,4993.237,8079
2026.02.19,11:00,4993.147,4996.394,4978.023,4984.750,7545
2026.02.19,12:00,4984.674,4992.846,4980.583,4984.739,6818
2026.02.19,13:00,4984.822,4998.502,4971.795,4997.181,9979
2026.02.19,14:00,4997.197,5010.410,4963.325,5005.643,19246
2026.02.19,15:00,5005.718,5022.416,4995.959,5013.750,19651
2026.02.19,16:00,5013.834,5014.384,4990.189,4995.229,12899
2026.02.19,17:00,4995.133,5001.733,4982.789,4984.980,9747
2026.02.19,18:00,4985.058,4989.360,4975.117,4981.851,9075
2026.02.19,19:00,4981.926,4990.481,4978.353,4987.874,6641
2026.02.19,20:00,4987.897,5003.521,4987.897,5001.626,5908
2026.02.19,21:00,5001.713,5004.245,4992.187,4996.445,4138
2026.02.19,23:00,4997.153,5008.001,4985.689,4987.826,5649
2026.02.20,00:00,4987.645,5007.010,4985.607,5006.358,6164
2026.02.20,01:00,5006.379,5014.878,4995.246,4997.046,8104
2026.02.20,02:00,4997.121,5007.571,4992.569,4996.372,6594
2026.02.20,03:00,4996.344,4999.221,4981.638,4988.238,6210
2026.02.20,04:00,4988.316,5003.250,4986.569,4999.910,4291
2026.02.20,05:00,4999.990,5011.919,4997.898,5011.919,5326
2026.02.20,06:00,5011.995,5030.160,5011.847,5020.812,7106
2026.02.20,07:00,5020.696,5028.325,5006.059,5006.581,7249
2026.02.20,08:00,5006.660,5030.977,5004.991,5028.776,7140
2026.02.20,09:00,5028.794,5042.661,5027.482,5027.482,7332
2026.02.20,10:00,5027.781,5038.569,5019.433,5034.592,6941
2026.02.20,11:00,5034.820,5034.939,5015.535,5017.446,7207
2026.02.20,12:00,5017.519,5026.667,5007.221,5025.180,8198
2026.02.20,13:00,5025.090,5048.778,5018.222,5043.745,9606
2026.02.20,14:00,5043.673,5060.468,5037.127,5054.216,17950
2026.02.20,15:00,5054.014,5064.086,4988.969,5042.548,63012
2026.02.20,16:00,5042.473,5069.102,5038.516,5066.517,21040
2026.02.20,17:00,5066.598,5076.454,5054.727,5073.048,17113
2026.02.20,18:00,5072.970,5075.187,5053.941,5071.123,18754
2026.02.20,19:00,5071.196,5080.004,5068.384,5079.539,6966
2026.02.20,20:00,5079.574,5098.239,5076.843,5096.677,8946
2026.02.20,21:00,5097.079,5108.260,5091.606,5105.842,6642
2026.02.22,23:01,5111.849,5171.979,5108.773,5165.484,11053
2026.02.23,00:00,5165.477,5166.846,5129.507,5144.322,18722
2026.02.23,01:00,5144.783,5167.845,5140.087,5157.729,12512
2026.02.23,02:00,5157.630,5176.781,5156.675,5173.702,9307
2026.02.23,03:00,5173.819,5176.025,5151.385,5166.908,8235
2026.02.23,04:00,5166.892,5168.520,5155.539,5160.733,6582
2026.02.23,05:00,5160.776,5162.015,5152.359,5158.197,5832
2026.02.23,06:00,5158.189,5161.799,5144.871,5145.850,7398
2026.02.23,07:00,5145.934,5154.166,5124.965,5136.838,11878
2026.02.23,08:00,5136.530,5141.893,5122.133,5140.056,9402
2026.02.23,09:00,5140.117,5150.168,5139.112,5149.524,6474
2026.02.23,10:00,5149.847,5163.549,5145.308,5162.634,8045
2026.02.23,11:00,5162.715,5163.558,5146.380,5149.938,6807
2026.02.23,12:00,5149.847,5165.574,5145.576,5163.987,7522
2026.02.23,13:00,5163.887,5165.424,5143.533,5146.486,9194
2026.02.23,14:00,5146.401,5200.452,5141.376,5192.285,15412
2026.02.23,15:00,5192.202,5205.209,5180.662,5196.363,19782
2026.02.23,16:00,5196.246,5219.302,5175.404,5210.187,19398
2026.02.23,17:00,5210.275,5213.532,5190.951,5207.805,14882
2026.02.23,18:00,5208.257,5215.945,5201.315,5209.707,10759
2026.02.23,19:00,5209.780,5218.399,5206.371,5215.597,8418
2026.02.23,20:00,5215.618,5238.156,5214.726,5236.087,8500
2026.02.23,21:00,5236.006,5237.563,5226.744,5228.010,5147
2026.02.23,23:00,5226.201,5249.655,5226.201,5236.044,7502
2026.02.24,00:00,5235.950,5238.083,5217.432,5224.090,12921
2026.02.24,01:00,5224.015,5224.327,5144.831,5177.235,39819
2026.02.24,02:00,5177.355,5190.524,5165.474,5189.703,11046
2026.02.24,03:00,5189.621,5191.844,5171.078,5172.083,7312
2026.02.24,04:00,5172.009,5174.843,5161.025,5168.433,6836
2026.02.24,05:00,5168.446,5185.740,5164.349,5182.366,8276
2026.02.24,06:00,5182.549,5184.826,5156.113,5173.430,9235
2026.02.24,07:00,5173.347,5183.891,5164.077,5179.275,9835
2026.02.24,08:00,5179.431,5181.949,5165.093,5173.589,9180
2026.02.24,09:00,5173.476,5180.528,5166.653,5171.352,6788
2026.02.24,10:00,5171.400,5181.418,5163.241,5172.568,7139
2026.02.24,11:00,5172.563,5178.721,5170.847,5172.946,5359
2026.02.24,12:00,5172.847,5173.653,5144.669,5150.517,11936
2026.02.24,13:00,5150.260,5161.327,5110.754,5115.112,19791
2026.02.24,14:00,5114.659,5139.189,5093.392,5128.373,31328
2026.02.24,15:00,5128.632,5155.292,5118.128,5150.233,16614
2026.02.24,16:00,5150.204,5152.519,5130.789,5141.665,13291
2026.02.24,17:00,5141.738,5163.903,5141.565,5163.826,8340
2026.02.24,18:00,5163.624,5170.227,5153.280,5160.319,9120
2026.02.24,19:00,5160.081,5160.680,5146.205,5154.174,8129
2026.02.24,20:00,5154.240,5173.196,5146.718,5164.012,8236
2026.02.24,21:00,5163.938,5165.755,5140.092,5143.931,5306
2026.02.24,23:00,5135.335,5152.279,5127.689,5146.632,5996
2026.02.25,00:00,5146.630,5156.538,5136.363,5152.325,8408
2026.02.25,01:00,5152.422,5189.981,5144.103,5176.587,14429
2026.02.25,02:00,5176.971,5194.079,5166.646,5180.463,10193
2026.02.25,03:00,5180.468,5190.057,5178.199,5182.272,7971
2026.02.25,04:00,5182.175,5185.109,5171.678,5182.721,5200
2026.02.25,05:00,5182.796,5210.669,5182.537,5201.831,8162
2026.02.25,06:00,5201.808,5201.808,5182.109,5194.526,8409
2026.02.25,07:00,5194.451,5195.208,5180.454,5184.746,6145
2026.02.25,08:00,5184.851,5197.276,5183.908,5185.598,6589
2026.02.25,09:00,5185.509,5194.577,5176.268,5192.945,7340
2026.02.25,10:00,5193.034,5195.002,5169.777,5175.274,7548
2026.02.25,11:00,5175.176,5182.348,5154.843,5181.304,8438
2026.02.25,12:00,5181.226,5187.380,5177.508,5182.527,6592
2026.02.25,13:00,5182.824,5191.401,5181.042,5185.122,9360
2026.02.25,14:00,5185.238,5193.340,5158.623,5190.991,16076
2026.02.25,15:00,5190.912,5202.575,5172.372,5195.051,14153
2026.02.25,16:00,5194.964,5214.011,5189.619,5211.961,9719
2026.02.25,17:00,5211.865,5217.655,5203.532,5207.098,8348
2026.02.25,18:00,5206.958,5207.756,5200.205,5202.386,3396
2026.02.25,19:00,5202.302,5208.215,5191.476,5205.202,12330
2026.02.25,20:00,5204.745,5206.279,5145.768,5152.077,16509
2026.02.25,21:00,5152.161,5173.531,5150.095,5169.288,9961
2026.02.25,23:00,5165.069,5181.919,5161.628,5163.330,8428
2026.02.26,00:00,5163.408,5192.160,5155.308,5188.101,12205
2026.02.26,01:00,5188.015,5198.262,5178.573,5191.759,16039
2026.02.26,02:00,5191.365,5195.570,5174.106,5184.459,10378
2026.02.26,03:00,5184.156,5193.803,5182.983,5192.787,6898
2026.02.26,04:00,5192.419,5199.436,5190.641,5192.827,4982
2026.02.26,05:00,5192.525,5205.838,5189.727,5198.027,7122
2026.02.26,06:00,5198.102,5199.627,5190.380,5192.974,6942
2026.02.26,07:00,5193.049,5194.508,5179.535,5185.853,7401
2026.02.26,08:00,5186.115,5190.696,5167.638,5179.032,10651
2026.02.26,09:00,5179.319,5189.445,5173.726,5186.414,7064
2026.02.26,10:00,5186.490,5190.138,5165.765,5171.394,7349
2026.02.26,11:00,5171.238,5178.348,5161.165,5164.508,6967
2026.02.26,12:00,5164.618,5187.861,5157.750,5183.937,8294
2026.02.26,13:00,5184.037,5185.631,5164.173,5166.222,12150
2026.02.26,14:00,5166.148,5176.210,5139.687,5164.899,24781
2026.02.26,15:00,5164.767,5192.825,5130.458,5185.342,29442
2026.02.26,16:00,5185.816,5187.190,5172.841,5179.782,14774
2026.02.26,17:00,5179.806,5190.452,5161.888,5167.080,12177
2026.02.26,18:00,5167.218,5185.894,5160.447,5180.572,12371
2026.02.26,19:00,5180.650,5194.065,5179.497,5187.159,7739
2026.02.26,20:00,5187.077,5200.884,5186.873,5196.216,7644
2026.02.26,21:00,5196.673,5200.476,5183.002,5185.132,4999
2026.02.26,23:00,5188.027,5189.260,5175.319,5184.504,5336
2026.02.27,00:00,5184.473,5195.015,5170.004,5174.701,8915
2026.02.27,01:00,5174.796,5194.188,5166.821,5193.872,11720
2026.02.27,02:00,5193.948,5199.910,5173.398,5183.398,10377
2026.02.27,03:00,5183.309,5190.475,5180.999,5184.179,6606
2026.02.27,04:00,5184.082,5188.804,5180.676,5181.814,4383
2026.02.27,05:00,5181.786,5200.568,5181.319,5197.557,6514
2026.02.27,06:00,5197.860,5199.192,5184.950,5185.817,7830
2026.02.27,07:00,5185.739,5189.997,5175.500,5176.206,8326
2026.02.27,08:00,5175.906,5182.226,5174.087,5178.918,6595
2026.02.27,09:00,5179.032,5182.707,5172.246,5175.791,6352
2026.02.27,10:00,5175.866,5181.057,5168.439,5177.717,6669
2026.02.27,11:00,5177.380,5185.438,5172.488,5185.408,4979
2026.02.27,12:00,5185.483,5190.394,5182.917,5187.368,6825
2026.02.27,13:00,5187.822,5240.628,5186.930,5223.309,21624
2026.02.27,14:00,5223.235,5236.178,5213.726,5223.873,21383
2026.02.27,15:00,5223.949,5246.617,5215.007,5239.550,18670
2026.02.27,16:00,5239.629,5257.826,5221.920,5229.296,18961
2026.02.27,17:00,5229.390,5237.034,5220.571,5234.454,13458
2026.02.27,18:00,5234.529,5247.089,5222.748,5245.102,10904
2026.02.27,19:00,5245.087,5252.365,5240.300,5250.191,8116
2026.02.27,20:00,5250.266,5265.626,5248.573,5263.125,8694
2026.02.27,21:00,5263.405,5281.438,5257.023,5279.234,6899
2026.03.01,23:01,5319.242,5393.375,5314.714,5387.129,16645
2026.03.02,00:00,5386.629,5388.384,5340.925,5347.538,23858
2026.03.02,01:00,5347.605,5347.605,5303.076,5325.080,39616
2026.03.02,02:00,5325.001,5352.102,5316.886,5346.167,16925
2026.03.02,03:00,5346.283,5366.803,5344.433,5366.318,10463
2026.03.02,04:00,5366.311,5367.252,5345.210,5356.140,9025
2026.03.02,05:00,5356.193,5366.349,5340.687,5365.976,10170
2026.03.02,06:00,5365.898,5389.947,5363.622,5387.472,11849
2026.03.02,07:00,5387.737,5419.367,5385.169,5407.776,15399
2026.03.02,08:00,5407.697,5416.904,5391.337,5393.868,13880
2026.03.02,09:00,5394.159,5403.015,5385.696,5391.891,11249
2026.03.02,10:00,5392.320,5400.835,5379.016,5389.070,11587
2026.03.02,11:00,5389.149,5399.701,5375.097,5385.114,10343
2026.03.02,12:00,5385.199,5398.916,5378.868,5396.827,10592
2026.03.02,13:00,5396.906,5416.762,5381.844,5394.137,22756
2026.03.02,14:00,5394.053,5395.349,5306.308,5333.833,53808
2026.03.02,15:00,5333.500,5348.901,5308.259,5316.164,36038
2026.03.02,16:00,5316.079,5316.079,5260.212,5290.343,44588
2026.03.02,17:00,5290.436,5320.809,5286.719,5306.415,21157
2026.03.02,18:00,5306.517,5316.504,5289.363,5315.312,13793
2026.03.02,19:00,5315.327,5334.127,5313.772,5330.627,10124
2026.03.02,20:00,5330.716,5346.316,5328.111,5332.633,18203
2026.03.02,21:00,5332.785,5340.568,5321.668,5322.091,7244
2026.03.02,23:00,5332.784,5347.152,5329.288,5345.721,5508
2026.03.03,00:00,5345.726,5362.170,5337.131,5350.417,9110
2026.03.03,01:00,5350.322,5379.913,5337.854,5339.339,19335
2026.03.03,02:00,5339.431,5368.182,5332.823,5367.122,16816
2026.03.03,03:00,5367.226,5373.747,5358.842,5367.166,8358
2026.03.03,04:00,5367.257,5375.793,5359.254,5361.378,7916
2026.03.03,05:00,5361.295,5367.031,5304.893,5319.015,18575
2026.03.03,06:00,5319.242,5323.163,5279.016,5310.656,24548
2026.03.03,07:00,5310.166,5331.360,5306.108,5327.494,12573
2026.03.03,08:00,5327.391,5335.788,5290.058,5295.451,15198
2026.03.03,09:00,5295.752,5303.550,5225.931,5274.735,31014
2026.03.03,10:00,5274.652,5287.962,5237.913,5248.589,23295
2026.03.03,11:00,5248.417,5264.034,5073.182,5144.750,77759
2026.03.03,12:00,5144.841,5226.756,5138.157,5224.373,36066
2026.03.03,13:00,5224.863,5224.863,5127.139,5156.445,53051
2026.03.03,14:00,5156.348,5175.663,5015.751,5038.656,78965
2026.03.03,15:00,5038.743,5097.005,4995.802,5095.283,74348
2026.03.03,16:00,5095.205,5134.872,5090.269,5106.546,45823
2026.03.03,17:00,5107.010,5109.781,5065.099,5078.964,35517
2026.03.03,18:00,5078.860,5138.425,5078.750,5136.192,27146
2026.03.03,19:00,5136.153,5149.180,5099.072,5113.407,26195
2026.03.03,20:00,5113.319,5130.612,5086.098,5097.435,23980
2026.03.03,21:00,5097.588,5110.477,5083.091,5090.495,14967
2026.03.03,23:00,5110.910,5129.827,5084.613,5125.089,9770
2026.03.04,00:00,5125.121,5140.519,5105.733,5138.553,14159
2026.03.04,01:00,5138.401,5178.678,5138.310,5174.669,28239
2026.03.04,02:00,5174.589,5191.033,5153.658,5155.972,18475
2026.03.04,03:00,5156.480,5177.792,5140.861,5174.356,16079
2026.03.04,04:00,5174.539,5180.831,5152.044,5156.792,11442
2026.03.04,05:00,5156.879,5167.991,5152.042,5160.090,14287
2026.03.04,06:00,5160.014,5160.949,5121.511,5160.666,18925
2026.03.04,07:00,5160.436,5176.162,5158.188,5168.293,11843
2026.03.04,08:00,5168.386,5182.343,5147.216,5167.419,14483
2026.03.04,09:00,5167.334,5185.254,5159.428,5182.313,12091
2026.03.04,10:00,5182.322,5202.363,5179.484,5190.005,13922
2026.03.04,11:00,5189.928,5200.806,5187.389,5192.041,8379
2026.03.04,12:00,5192.137,5206.150,5156.239,5171.349,18361
2026.03.04,13:00,5171.045,5196.228,5167.685,5168.112,18625
2026.03.04,14:00,5168.187,5185.180,5138.548,5146.924,38821
2026.03.04,15:00,5147.327,5167.176,5130.955,5151.510,37085
2026.03.04,16:00,5151.626,5162.581,5138.221,5149.676,21165
2026.03.04,17:00,5149.610,5153.050,5120.094,5140.812,16828
2026.03.04,18:00,5140.945,5143.246,5108.653,5134.167,16754
2026.03.04,19:00,5134.086,5139.537,5123.452,5137.763,10526
2026.03.04,20:00,5137.686,5147.012,5123.483,5134.949,35645
2026.03.04,21:00,5134.655,5144.088,5129.461,5139.309,5502
2026.03.04,23:00,5149.221,5166.173,5144.651,5164.995,4984
2026.03.05,00:00,5164.920,5179.828,5159.627,5172.304,6986
2026.03.05,01:00,5172.387,5186.702,5167.116,5172.816,15422
2026.03.05,02:00,5172.347,5192.573,5171.466,5192.232,10895
2026.03.05,03:00,5192.190,5194.950,5178.412,5180.075,6964
2026.03.05,04:00,5180.375,5186.767,5166.099,5171.510,5876
2026.03.05,05:00,5171.609,5176.697,5148.276,5148.761,8384
2026.03.05,06:00,5148.840,5168.583,5120.630,5167.449,16881
2026.03.05,07:00,5167.357,5172.966,5158.803,5162.037,10660
2026.03.05,08:00,5162.233,5170.187,5137.523,5165.426,12044
2026.03.05,09:00,5165.700,5180.320,5153.091,5161.161,13741
2026.03.05,10:00,5161.148,5167.526,5146.164,5164.320,8460
2026.03.05,11:00,5164.623,5168.068,5156.819,5163.502,6607
2026.03.05,12:00,5163.513,5171.611,5160.967,5162.752,7116
2026.03.05,13:00,5162.834,5164.186,5081.614,5117.977,30858
2026.03.05,14:00,5117.898,5129.772,5090.614,5102.246,35192
2026.03.05,15:00,5102.316,5119.905,5059.782,5102.499,41286
2026.03.05,16:00,5102.480,5104.574,5053.955,5077.557,25963
2026.03.05,17:00,5077.670,5089.468,5054.860,5063.066,23300
2026.03.05,18:00,5062.818,5085.469,5050.714,5069.514,19962
2026.03.05,19:00,5069.516,5081.462,5055.592,5065.756,16806
2026.03.05,20:00,5065.680,5094.606,5061.548,5076.435,19901
2026.03.05,21:00,5076.664,5085.249,5071.953,5083.402,5683
2026.03.05,23:00,5090.477,5102.072,5081.833,5086.377,5447
2026.03.06,00:00,5085.966,5092.474,5074.110,5084.360,8909
2026.03.06,01:00,5084.282,5144.100,5066.045,5134.922,18405
2026.03.06,02:00,5134.845,5138.429,5122.288,5126.163,10055
2026.03.06,03:00,5126.392,5141.304,5124.561,5130.937,6653
2026.03.06,04:00,5131.255,5136.213,5126.489,5127.401,4533
2026.03.06,05:00,5127.699,5130.120,5114.164,5117.445,7898
2026.03.06,06:00,5117.520,5123.083,5109.326,5115.464,7366
2026.03.06,07:00,5115.548,5120.765,5105.537,5119.403,7577
2026.03.06,08:00,5119.634,5123.300,5096.128,5108.584,8337
2026.03.06,09:00,5108.758,5109.329,5083.306,5085.540,9812
2026.03.06,10:00,5085.651,5093.150,5075.636,5091.188,9613
2026.03.06,11:00,5090.908,5099.741,5062.553,5076.750,10851
2026.03.06,12:00,5076.857,5096.798,5075.944,5083.353,10399
2026.03.06,13:00,5083.272,5130.791,5065.416,5084.885,33980
2026.03.06,14:00,5084.794,5132.049,5080.797,5129.986,38059
2026.03.06,15:00,5130.062,5171.779,5127.749,5141.973,36902
2026.03.06,16:00,5141.889,5153.073,5125.749,5140.043,20050
2026.03.06,17:00,5140.131,5152.502,5128.892,5140.917,15319
2026.03.06,18:00,5140.459,5167.809,5138.522,5160.928,11487
2026.03.06,19:00,5161.078,5174.737,5156.455,5159.916,9719
2026.03.06,20:00,5159.993,5162.306,5149.370,5153.546,10778
2026.03.06,21:00,5153.461,5176.778,5151.093,5174.279,5861
2026.03.08,22:01,5179.007,5180.077,5103.640,5134.621,22325
2026.03.08,23:01,5134.922,5135.336,5044.189,5075.458,19665
2026.03.09,00:00,5075.763,5080.752,5028.317,5049.878,28534
2026.03.09,01:00,5049.793,5087.781,5014.457,5070.286,38511
2026.03.09,02:00,5070.375,5099.154,5055.410,5095.010,20951
2026.03.09,03:00,5094.882,5102.548,5081.641,5091.226,12344
2026.03.09,04:00,5091.121,5097.187,5085.218,5089.979,7331
2026.03.09,05:00,5090.087,5140.583,5080.836,5124.477,18395
2026.03.09,06:00,5124.402,5134.057,5096.975,5097.622,16685
2026.03.09,07:00,5097.933,5107.540,5088.457,5098.799,12941
2026.03.09,08:00,5098.691,5110.715,5086.971,5096.696,14183
2026.03.09,09:00,5096.616,5132.611,5094.993,5105.028,14243
2026.03.09,10:00,5105.103,5111.185,5083.739,5087.374,12004
2026.03.09,11:00,5087.472,5097.235,5079.324,5088.160,11183
2026.03.09,12:00,5088.243,5111.900,5088.030,5095.085,9847
2026.03.09,13:00,5095.169,5111.422,5067.253,5074.234,26634
2026.03.09,14:00,5074.152,5116.114,5060.444,5094.069,30638
2026.03.09,15:00,5093.993,5103.580,5079.560,5099.793,16336
2026.03.09,16:00,5099.625,5110.582,5094.653,5104.518,10272
2026.03.09,17:00,5104.788,5106.911,5088.957,5096.180,9754
2026.03.09,18:00,5096.253,5126.497,5092.448,5123.029,8240
2026.03.09,19:00,5123.178,5144.210,5118.468,5140.931,17001
2026.03.09,20:00,5141.223,5148.125,5133.992,5137.559,6903
2026.03.09,22:00,5148.250,5153.103,5117.815,5153.103,8303
2026.03.09,23:00,5152.823,5156.059,5136.068,5139.812,7018
2026.03.10,00:00,5139.346,5141.513,5124.582,5130.799,10116
2026.03.10,01:00,5130.832,5186.077,5124.487,5184.048,18878
2026.03.10,02:00,5184.126,5187.223,5163.698,5166.127,10729
2026.03.10,03:00,5166.006,5173.252,5155.531,5157.798,7989
2026.03.10,04:00,5157.342,5166.306,5154.479,5163.957,5428
2026.03.10,05:00,5163.568,5179.016,5163.568,5177.764,6416
2026.03.10,06:00,5177.904,5181.142,5172.077,5175.105,6769
2026.03.10,07:00,5174.954,5181.413,5158.528,5180.751,8537
2026.03.10,08:00,5180.943,5195.059,5174.788,5183.576,9587
2026.03.10,09:00,5183.656,5189.408,5180.371,5182.726,6599
2026.03.10,10:00,5182.650,5184.167,5156.536,5177.035,9596
2026.03.10,11:00,5177.110,5192.016,5171.608,5174.940,10206
2026.03.10,12:00,5174.938,5189.355,5162.613,5186.767,10297
2026.03.10,13:00,5186.692,5228.832,5185.856,5205.705,21872
2026.03.10,14:00,5205.789,5214.367,5185.298,5206.909,16294
2026.03.10,15:00,5206.826,5238.619,5203.379,5228.789,11707
2026.03.10,16:00,5228.874,5235.687,5222.514,5227.523,8105
2026.03.10,17:00,5227.445,5235.370,5223.488,5227.866,10053
2026.03.10,18:00,5227.949,5228.274,5160.126,5191.894,27504
2026.03.10,19:00,5191.972,5207.771,5179.551,5198.985,15148
2026.03.10,20:00,5198.829,5199.283,5191.783,5192.831,4815
2026.03.10,22:00,5191.673,5198.118,5182.672,5189.398,7632
2026.03.10,23:00,5189.123,5197.375,5187.576,5196.884,4424
2026.03.11,00:00,5196.958,5219.439,5186.663,5215.647,8310
2026.03.11,01:00,5215.192,5223.124,5208.361,5208.716,10321
2026.03.11,02:00,5208.801,5220.664,5193.981,5217.145,8937
2026.03.11,03:00,5217.061,5220.462,5199.313,5203.460,5902
2026.03.11,04:00,5203.167,5208.643,5199.303,5204.339,4392
2026.03.11,05:00,5204.490,5208.266,5190.264,5199.867,7158
2026.03.11,06:00,5199.378,5210.943,5191.626,5197.904,7184
2026.03.11,07:00,5197.739,5202.247,5184.398,5195.540,8552
2026.03.11,08:00,5195.436,5198.445,5175.115,5187.422,8948
2026.03.11,09:00,5187.706,5196.987,5179.608,5187.842,7498
2026.03.11,10:00,5187.919,5195.368,5177.346,5186.234,7365
2026.03.11,11:00,5185.935,5193.483,5175.122,5181.394,8611
2026.03.11,12:00,5181.071,5196.911,5166.613,5167.703,14849
2026.03.11,13:00,5167.248,5182.927,5149.239,5176.685,19793
2026.03.11,14:00,5176.608,5196.600,5174.362,5183.360,18284
2026.03.11,15:00,5183.442,5185.579,5163.944,5166.056,13954
2026.03.11,16:00,5166.358,5177.891,5163.443,5175.834,9529
2026.03.11,17:00,5175.395,5180.793,5154.080,5169.629,9664
2026.03.11,18:00,5169.554,5178.361,5169.059,5172.611,7813
2026.03.11,19:00,5172.595,5183.519,5168.863,5183.003,5319
2026.03.11,20:00,5182.918,5183.572,5175.019,5177.247,3169
2026.03.11,22:00,5181.085,5182.496,5129.737,5139.141,6613
2026.03.11,23:00,5139.148,5157.878,5133.155,5134.333,7367
2026.03.12,00:00,5134.191,5161.433,5125.408,5153.011,10240
2026.03.12,01:00,5152.626,5172.898,5151.534,5168.529,12019
2026.03.12,02:00,5168.378,5175.184,5145.873,5150.744,9557
2026.03.12,03:00,5150.817,5155.358,5147.406,5152.960,6646
2026.03.12,04:00,5153.042,5153.785,5140.441,5142.377,4799
2026.03.12,05:00,5142.781,5157.508,5137.317,5154.658,6940
2026.03.12,06:00,5154.661,5170.463,5147.383,5165.978,6756
2026.03.12,07:00,5166.054,5185.484,5164.547,5182.159,6302
2026.03.12,08:00,5182.090,5189.862,5175.765,5177.866,6910
2026.03.12,09:00,5177.945,5190.282,5174.432,5188.024,6657
2026.03.12,10:00,5187.946,5191.801,5175.929,5182.349,6423
2026.03.12,11:00,5182.444,5183.859,5172.580,5178.808,5921
2026.03.12,12:00,5178.897,5185.841,5163.488,5181.526,9933
2026.03.12,13:00,5181.216,5186.272,5145.910,5151.381,21603
2026.03.12,14:00,5151.304,5163.348,5138.163,5143.088,17645
2026.03.12,15:00,5142.991,5145.028,5109.563,5132.542,20127
2026.03.12,16:00,5132.091,5138.214,5121.076,5123.245,12466
2026.03.12,17:00,5123.385,5129.457,5102.226,5105.336,12281
2026.03.12,18:00,5105.415,5112.634,5090.466,5094.519,10553
2026.03.12,19:00,5094.436,5096.739,5079.102,5084.831,11241
2026.03.12,20:00,5084.922,5090.641,5054.784,5079.980,10601
2026.03.12,22:00,5078.060,5096.350,5072.743,5096.126,5824
2026.03.12,23:00,5095.770,5101.029,5089.031,5098.274,5617
2026.03.13,00:00,5098.200,5115.520,5097.252,5113.457,5764
2026.03.13,01:00,5113.380,5124.130,5108.546,5124.035,9330
2026.03.13,02:00,5124.133,5128.449,5110.500,5111.913,7025
2026.03.13,03:00,5112.116,5116.763,5106.050,5115.337,5612
2026.03.13,04:00,5115.710,5117.882,5102.723,5104.426,4627
2026.03.13,05:00,5104.531,5110.973,5098.337,5103.049,7068
2026.03.13,06:00,5103.409,5107.650,5085.858,5088.197,10144
2026.03.13,07:00,5088.085,5093.931,5071.762,5084.923,9305
2026.03.13,08:00,5085.228,5088.090,5061.284,5087.150,10738
2026.03.13,09:00,5087.234,5097.155,5083.296,5089.760,7690
2026.03.13,10:00,5089.458,5098.567,5080.148,5094.664,7606
2026.03.13,11:00,5095.142,5107.857,5086.179,5107.777,7854
2026.03.13,12:00,5107.499,5121.993,5104.334,5118.463,11967
2026.03.13,13:00,5118.293,5121.395,5096.302,5101.751,15071
2026.03.13,14:00,5101.577,5108.051,5035.291,5041.841,23732
2026.03.13,15:00,5041.930,5071.421,5031.627,5034.925,26143
2026.03.13,16:00,5034.829,5053.186,5018.824,5046.133,20945
2026.03.13,17:00,5045.976,5063.843,5043.380,5046.562,12505
2026.03.13,18:00,5046.543,5051.470,5036.231,5046.407,9960
2026.03.13,19:00,5046.482,5050.054,5009.630,5016.652,12755
2026.03.13,20:00,5016.737,5025.572,5012.184,5020.758,8072
2026.03.15,22:01,5017.082,5030.620,5000.825,5025.469,9110
2026.03.15,23:01,5025.490,5025.490,4966.784,4997.549,15292
2026.03.16,00:00,4997.476,5031.215,4996.554,5025.903,14166
2026.03.16,01:00,5025.716,5026.753,4982.549,5015.763,24428
2026.03.16,02:00,5015.809,5018.858,4997.950,5003.750,11366
2026.03.16,03:00,5003.570,5020.840,4998.329,5019.112,7653
2026.03.16,04:00,5019.150,5026.237,5012.479,5012.962,5285
2026.03.16,05:00,5012.865,5020.077,5003.307,5017.458,7112
2026.03.16,06:00,5017.544,5035.965,5005.341,5011.945,10527
2026.03.16,07:00,5012.027,5016.139,4991.709,4995.249,10922
2026.03.16,08:00,4995.328,5003.292,4984.796,4991.263,12512
2026.03.16,09:00,4990.923,4991.701,4972.247,4975.233,11199
2026.03.16,10:00,4975.518,4999.656,4970.044,4998.646,10036
2026.03.16,11:00,4998.722,5022.805,4992.156,4997.122,9190
2026.03.16,12:00,4997.198,5025.603,4994.081,5019.755,10778
2026.03.16,13:00,5020.086,5034.837,5013.729,5029.604,16192
2026.03.16,14:00,5029.527,5038.178,4988.023,4995.753,18166
2026.03.16,15:00,4995.632,5005.691,4983.862,4986.900,13209
2026.03.16,16:00,4986.978,4998.930,4973.923,4990.496,11798
2026.03.16,17:00,4990.583,5003.894,4983.901,4991.255,9871
2026.03.16,18:00,4991.325,5017.768,4989.937,5012.829,7910
2026.03.16,19:00,5012.792,5020.387,5008.208,5012.739,8015
2026.03.16,20:00,5012.667,5021.723,5004.692,5006.422,4787
2026.03.16,22:00,5007.665,5015.953,4998.411,5002.497,5105
2026.03.16,23:00,5002.126,5015.557,5002.116,5012.862,3860
2026.03.17,00:00,5012.962,5014.163,4998.051,5003.229,7815
2026.03.17,01:00,5002.854,5027.929,4994.475,5027.611,10510
2026.03.17,02:00,5027.631,5029.810,5019.716,5022.926,6207
2026.03.17,03:00,5022.761,5033.613,5020.611,5027.713,5277
2026.03.17,04:00,5027.414,5042.071,5026.278,5038.007,5303
2026.03.17,05:00,5038.067,5044.585,5020.271,5020.894,8065
2026.03.17,06:00,5020.966,5022.800,5004.981,5010.244,10849
2026.03.17,07:00,5010.168,5027.959,5008.854,5021.130,6907
2026.03.17,08:00,5021.088,5029.652,5018.279,5024.597,7584
2026.03.17,09:00,5024.426,5026.050,5009.912,5010.676,7297
2026.03.17,10:00,5010.596,5016.237,4991.652,5000.055,9337
2026.03.17,11:00,5000.354,5011.521,4996.659,5003.382,6112
2026.03.17,12:00,5003.089,5023.744,4999.350,5011.848,7924
2026.03.17,13:00,5011.919,5031.603,5005.348,5016.421,14801
2026.03.17,14:00,5016.442,5020.688,5002.766,5007.798,13314
2026.03.17,15:00,5007.724,5017.453,4973.378,4997.743,16563
2026.03.17,16:00,4998.108,5005.826,4991.705,5001.833,9762
2026.03.17,17:00,5001.748,5008.816,4996.595,5002.388,7141
2026.03.17,18:00,5002.460,5009.051,4999.766,5003.946,6026
2026.03.17,19:00,5003.873,5005.649,4996.253,5000.174,6125
2026.03.17,20:00,5000.273,5006.445,4999.844,5003.113,14062
2026.03.17,22:00,5004.071,5004.993,4993.510,4999.993,3163
2026.03.17,23:00,4999.796,5003.562,4998.742,5002.799,2699
2026.03.18,00:00,5002.852,5012.274,5000.117,5004.408,6153
2026.03.18,01:00,5004.481,5016.111,4991.102,4998.864,9330
2026.03.18,02:00,4998.700,5006.837,4990.455,4991.739,6801
2026.03.18,03:00,4991.962,4997.495,4986.315,4991.447,5781
2026.03.18,04:00,4991.429,4993.392,4981.643,4986.933,4914
2026.03.18,05:00,4986.916,5002.718,4984.635,4997.514,6862
2026.03.18,06:00,4997.404,5016.318,4996.468,5009.532,6652
2026.03.18,07:00,5009.614,5015.018,4990.509,4995.108,6214
2026.03.18,08:00,4994.734,4996.691,4977.122,4987.755,7806
2026.03.18,09:00,4987.379,4995.594,4984.734,4992.000,5409
2026.03.18,10:00,4991.969,4991.969,4958.793,4968.008,9641
2026.03.18,11:00,4967.932,4974.029,4924.875,4930.090,19346
2026.03.18,12:00,4930.198,4932.458,4870.644,4881.444,31798
2026.03.18,13:00,4881.583,4885.593,4834.024,4877.873,40949
2026.03.18,14:00,4878.008,4894.726,4856.617,4869.485,23369
2026.03.18,15:00,4869.619,4879.991,4861.254,4862.580,14387
2026.03.18,16:00,4862.654,4890.360,4860.822,4886.812,11847
2026.03.18,17:00,4886.725,4899.046,4883.800,4890.727,10760
2026.03.18,18:00,4890.816,4899.353,4852.237,4853.024,22143
2026.03.18,19:00,4852.827,4865.365,4838.033,4843.033,20134
2026.03.18,20:00,4842.960,4848.376,4806.726,4818.526,13170
2026.03.18,22:00,4828.211,4838.791,4804.340,4834.324,10849
2026.03.18,23:00,4834.354,4842.561,4828.112,4836.801,6844
2026.03.19,00:00,4836.692,4848.887,4835.417,4841.395,9890
2026.03.19,01:00,4841.242,4866.955,4832.938,4850.074,15719
2026.03.19,02:00,4850.145,4862.187,4841.825,4858.600,9782
2026.03.19,03:00,4858.638,4865.794,4850.764,4851.001,6756
2026.03.19,04:00,4850.976,4853.809,4845.724,4849.761,4977
2026.03.19,05:00,4849.960,4853.850,4826.980,4827.654,9556
2026.03.19,06:00,4827.583,4842.033,4747.333,4763.988,26859
2026.03.19,07:00,4763.716,4784.447,4727.065,4728.083,20573
2026.03.19,08:00,4728.012,4740.360,4686.831,4709.194,34808
2026.03.19,09:00,4709.095,4726.009,4687.818,4698.789,33369
2026.03.19,10:00,4698.705,4719.938,4666.414,4678.928,26737
2026.03.19,11:00,4678.905,4699.493,4650.646,4652.288,23934
2026.03.19,12:00,4651.930,4653.999,4531.122,4574.666,52642
2026.03.19,13:00,4574.592,4621.147,4502.558,4621.147,89766
2026.03.19,14:00,4621.158,4649.300,4580.926,4601.622,60559
2026.03.19,15:00,4601.914,4638.771,4566.140,4596.584,48787
2026.03.19,16:00,4596.659,4626.699,4576.701,4584.728,39452
2026.03.19,17:00,4584.799,4629.926,4573.732,4616.168,29640
2026.03.19,18:00,4616.105,4623.183,4595.849,4622.896,19146
2026.03.19,19:00,4622.790,4663.459,4622.790,4643.713,41167
2026.03.19,20:00,4643.642,4662.085,4642.633,4657.587,10071
2026.03.19,22:00,4657.744,4677.133,4636.343,4636.512,7439
2026.03.19,23:00,4636.582,4647.991,4634.194,4643.766,6199
2026.03.20,00:00,4643.694,4665.098,4642.102,4648.839,11259
2026.03.20,01:00,4648.457,4699.407,4639.243,4677.308,25580
2026.03.20,02:00,4677.236,4703.676,4670.225,4698.153,14491
2026.03.20,03:00,4698.225,4735.879,4693.218,4725.619,13951
2026.03.20,04:00,4725.718,4727.686,4715.588,4721.466,7254
2026.03.20,05:00,4721.556,4723.685,4685.741,4688.578,14366
2026.03.20,06:00,4688.651,4701.034,4661.300,4669.114,19007
2026.03.20,07:00,4669.033,4708.030,4668.077,4706.196,11040
2026.03.20,08:00,4706.277,4734.868,4684.735,4693.496,15423
2026.03.20,09:00,4693.867,4700.525,4659.851,4667.853,14066
2026.03.20,10:00,4667.443,4670.258,4638.107,4645.404,19396
2026.03.20,11:00,4645.451,4674.251,4636.976,4671.801,15437
2026.03.20,12:00,4671.796,4695.683,4661.921,4678.381,20324
2026.03.20,13:00,4678.166,4679.684,4612.722,4616.284,79714
2026.03.20,14:00,4616.208,4622.624,4547.784,4564.155,111154
2026.03.20,15:00,4564.073,4580.205,4540.465,4553.216,80170
2026.03.20,16:00,4553.291,4613.781,4551.668,4583.487,58962
2026.03.20,17:00,4583.431,4600.838,4554.062,4573.589,60906
2026.03.20,18:00,4573.631,4578.560,4477.106,4499.623,62939
2026.03.20,19:00,4499.679,4516.803,4485.229,4501.516,77979
2026.03.20,20:00,4501.681,4514.425,4493.495,4497.528,25497
2026.03.22,22:01,4477.964,4536.337,4449.247,4498.659,24276
2026.03.22,23:01,4498.927,4510.886,4452.488,4464.887,26655
2026.03.23,00:00,4464.586,4473.077,4319.500,4354.098,109950
2026.03.23,01:00,4354.349,4454.248,4329.758,4387.405,127707
2026.03.23,02:00,4387.744,4422.111,4354.758,4360.771,81540
2026.03.23,03:00,4360.556,4377.989,4334.826,4353.048,51723
2026.03.23,04:00,4352.937,4381.870,4350.011,4367.284,31917
2026.03.23,05:00,4367.258,4380.041,4302.265,4310.138,58143
2026.03.23,06:00,4310.232,4310.539,4162.955,4220.450,133884
2026.03.23,07:00,4220.518,4232.917,4098.402,4204.314,174075
2026.03.23,08:00,4204.264,4270.757,4202.855,4251.136,117938
2026.03.23,09:00,4250.999,4308.407,4223.479,4253.271,83333
2026.03.23,10:00,4253.334,4281.993,4241.087,4269.123,64736
2026.03.23,11:00,4268.953,4463.543,4268.953,4379.224,190333
2026.03.23,12:00,4378.849,4492.843,4336.822,4478.339,153817
2026.03.23,13:00,4478.395,4485.693,4401.403,4454.281,176881
2026.03.23,14:00,4454.365,4512.932,4453.318,4462.009,130297
2026.03.23,15:00,4462.038,4486.961,4350.949,4363.758,124932
2026.03.23,16:00,4363.537,4391.751,4352.354,4375.630,124202
2026.03.23,17:00,4375.272,4439.181,4370.751,4426.003,70425
2026.03.23,18:00,4426.071,4467.140,4401.997,4449.093,61618
2026.03.23,19:00,4449.143,4450.757,4392.746,4397.591,56873
2026.03.23,20:00,4397.518,4413.311,4382.773,4406.627,16272
2026.03.23,22:00,4419.735,4431.487,4361.321,4426.639,20613
2026.03.23,23:00,4426.570,4448.328,4421.876,4441.310,15802
2026.03.24,00:00,4440.913,4446.701,4330.986,4364.528,61296
2026.03.24,01:00,4364.459,4374.123,4307.904,4322.406,92989
2026.03.24,02:00,4322.236,4379.478,4305.619,4366.162,67276
2026.03.24,03:00,4366.367,4368.449,4334.886,4346.955,39667
2026.03.24,04:00,4346.905,4357.350,4326.591,4333.643,25178
2026.03.24,05:00,4333.345,4374.335,4319.618,4347.040,56307
2026.03.24,06:00,4347.100,4405.238,4342.661,4401.964,62678
2026.03.24,07:00,4401.909,4432.577,4399.416,4417.363,48223
2026.03.24,08:00,4416.953,4420.979,4391.009,4411.774,45129
2026.03.24,09:00,4411.793,4431.029,4395.720,4426.610,29150
2026.03.24,10:00,4426.659,4441.869,4414.464,4438.548,26808
2026.03.24,11:00,4438.455,4442.246,4375.451,4407.649,59525
2026.03.24,12:00,4407.746,4427.640,4362.048,4378.846,60719
2026.03.24,13:00,4378.778,4390.089,4351.489,4381.761,100963
2026.03.24,14:00,4381.683,4433.817,4380.547,4415.813,91489
2026.03.24,15:00,4415.757,4431.020,4396.089,4411.704,68029
2026.03.24,16:00,4411.785,4427.739,4402.362,4421.025,40251
2026.03.24,17:00,4421.446,4426.328,4372.180,4388.644,69351
2026.03.24,18:00,4388.709,4423.738,4383.704,4389.301,46320
2026.03.24,19:00,4389.389,4411.432,4388.450,4400.143,25309
2026.03.24,20:00,4400.198,4484.186,4397.173,4476.853,47978
2026.03.24,22:00,4479.775,4485.647,4456.071,4484.343,16127
2026.03.24,23:00,4484.485,4551.545,4472.819,4546.849,22380
2026.03.25,00:00,4546.841,4572.094,4537.369,4562.968,34302
2026.03.25,01:00,4563.309,4601.240,4552.133,4595.111,40096
2026.03.25,02:00,4595.046,4602.597,4579.702,4583.947,26493
2026.03.25,03:00,4583.513,4586.375,4567.535,4570.266,17786
2026.03.25,04:00,4570.271,4574.800,4565.572,4572.830,9891
2026.03.25,05:00,4572.898,4573.531,4548.930,4555.456,20371
2026.03.25,06:00,4555.817,4557.075,4532.983,4545.167,22350
2026.03.25,07:00,4545.226,4563.308,4536.910,4539.539,21178
2026.03.25,08:00,4539.601,4567.844,4535.699,4556.297,33619
2026.03.25,09:00,4556.244,4567.690,4527.532,4551.796,27466
2026.03.25,10:00,4552.060,4562.585,4551.067,4558.992,20871
2026.03.25,11:00,4558.935,4585.756,4556.012,4578.690,22940
2026.03.25,12:00,4578.912,4583.871,4521.943,4544.101,50975
2026.03.25,13:00,4544.147,4576.612,4540.758,4544.852,70799
2026.03.25,14:00,4544.571,4579.440,4532.917,4567.310,57634
2026.03.25,15:00,4567.274,4569.216,4524.984,4559.176,50425
2026.03.25,16:00,4559.119,4565.097,4545.187,4555.497,38399
2026.03.25,17:00,4555.450,4564.122,4542.630,4550.775,30458
2026.03.25,18:00,4550.492,4569.094,4530.647,4538.380,34732
2026.03.25,19:00,4538.417,4539.697,4486.854,4530.707,46068
2026.03.25,20:00,4530.640,4542.143,4494.561,4505.896,20165
2026.03.25,22:00,4517.971,4534.756,4505.622,4517.606,16090
2026.03.25,23:00,4517.718,4518.241,4488.879,4498.152,15768
2026.03.26,00:00,4498.470,4539.400,4498.076,4535.613,28428
2026.03.26,01:00,4535.805,4544.630,4522.379,4535.651,34882
2026.03.26,02:00,4535.443,4535.988,4505.697,4509.104,23693
2026.03.26,03:00,4508.779,4518.961,4499.997,4516.520,18388
2026.03.26,04:00,4516.549,4524.194,4511.394,4520.343,10356
2026.03.26,05:00,4520.510,4522.396,4438.871,4438.972,38232
2026.03.26,06:00,4439.019,4459.447,4415.779,4456.275,54446
2026.03.26,07:00,4456.236,4463.934,4438.831,4452.816,36165
2026.03.26,08:00,4452.787,4459.318,4412.387,4427.879,51845
2026.03.26,09:00,4427.829,4437.165,4414.416,4423.828,39211
2026.03.26,10:00,4423.566,4448.101,4417.024,4443.570,33545
2026.03.26,11:00,4443.416,4456.789,4418.934,4423.238,32095
2026.03.26,12:00,4423.283,4445.586,4416.257,4429.186,39227
2026.03.26,13:00,4429.130,4460.668,4420.201,4452.630,74861
2026.03.26,14:00,4452.682,4479.620,4437.171,4464.913,83579
2026.03.26,15:00,4464.967,4469.253,4433.780,4438.167,57307
2026.03.26,16:00,4438.120,4442.895,4366.787,4389.438,72978
2026.03.26,17:00,4389.412,4402.689,4377.421,4381.322,49584
2026.03.26,18:00,4381.272,4397.954,4367.676,4394.414,35535
2026.03.26,19:00,4394.371,4399.358,4359.057,4364.092,41581
2026.03.26,20:00,4364.027,4420.816,4350.967,4381.007,73274
2026.03.26,22:00,4382.176,4415.350,4380.910,4411.311,12765
2026.03.26,23:00,4411.371,4414.384,4390.017,4404.960,11099
2026.03.27,00:00,4405.007,4411.276,4375.257,4378.688,24017
2026.03.27,01:00,4378.696,4420.804,4377.091,4417.249,29435
2026.03.27,02:00,4417.295,4440.729,4416.976,4432.016,24373
2026.03.27,03:00,4431.992,4446.231,4421.001,4437.441,18921
2026.03.27,04:00,4437.476,4449.618,4431.420,4445.977,10501
2026.03.27,05:00,4446.183,4475.247,4440.463,4454.674,25253
2026.03.27,06:00,4454.623,4473.103,4451.672,4459.617,25186
2026.03.27,07:00,4459.795,4463.000,4442.716,4447.540,18889
2026.03.27,08:00,4447.578,4450.937,4423.743,4424.320,23273
2026.03.27,09:00,4424.274,4438.423,4420.832,4428.966,19839
2026.03.27,10:00,4428.988,4433.051,4410.527,4415.008,18804
2026.03.27,11:00,4415.060,4426.282,4404.258,4419.867,21022
2026.03.27,12:00,4419.920,4445.420,4412.673,4437.793,24707
2026.03.27,13:00,4437.850,4443.859,4413.437,4431.663,33478
2026.03.27,14:00,4431.240,4514.971,4430.698,4509.666,43818
2026.03.27,15:00,4509.606,4555.538,4501.777,4524.058,52139
2026.03.27,16:00,4524.121,4533.912,4505.639,4515.980,26429
2026.03.27,17:00,4516.045,4522.085,4486.266,4486.725,24787
2026.03.27,18:00,4486.800,4528.751,4486.730,4516.970,23013
2026.03.27,19:00,4516.910,4526.295,4500.655,4514.548,20835
2026.03.27,20:00,4514.606,4520.473,4490.706,4495.488,11841
2026.03.29,22:01,4511.674,4514.331,4480.402,4491.933,18287
2026.03.29,23:01,4492.090,4492.483,4443.798,4448.629,16536
2026.03.30,00:00,4448.557,4466.949,4418.473,4432.350,37822
2026.03.30,01:00,4432.293,4475.676,4431.730,4469.507,37312
2026.03.30,02:00,4469.444,4499.395,4458.778,4481.328,21608
2026.03.30,03:00,4481.269,4517.701,4478.755,4496.212,17741
2026.03.30,04:00,4495.990,4498.861,4486.103,4496.950,10311
2026.03.30,05:00,4497.007,4528.368,4496.772,4522.235,16181
2026.03.30,06:00,4522.301,4550.651,4516.839,4532.624,20973
2026.03.30,07:00,4532.563,4534.952,4515.801,4527.187,17346
2026.03.30,08:00,4527.133,4540.350,4525.079,4538.334,12743
2026.03.30,09:00,4538.398,4540.733,4523.776,4532.472,13709
2026.03.30,10:00,4532.538,4540.105,4527.559,4532.511,10607
2026.03.30,11:00,4532.567,4580.865,4525.457,4559.432,26806
2026.03.30,12:00,4559.493,4578.127,4545.291,4569.491,19063
2026.03.30,13:00,4569.554,4578.608,4516.522,4523.413,40669
2026.03.30,14:00,4523.353,4541.204,4512.222,4538.596,40756
2026.03.30,15:00,4538.944,4556.766,4524.674,4548.464,25146
2026.03.30,16:00,4548.408,4549.802,4531.463,4539.821,17041
2026.03.30,17:00,4539.918,4542.253,4511.251,4514.866,21116
2026.03.30,18:00,4514.811,4523.203,4498.319,4498.812,15720
2026.03.30,19:00,4499.018,4518.296,4492.969,4513.611,23614
2026.03.30,20:00,4513.691,4516.569,4500.840,4511.303,7386
2026.03.30,22:00,4513.996,4523.749,4502.072,4511.032,6598
2026.03.30,23:00,4510.781,4521.410,4492.407,4513.620,9945
2026.03.31,00:00,4513.551,4548.330,4482.532,4547.884,32699
2026.03.31,01:00,4547.945,4619.560,4532.168,4604.886,41437
2026.03.31,02:00,4604.970,4607.111,4565.455,4568.374,24485
2026.03.31,03:00,4568.305,4577.099,4550.378,4556.990,16244
2026.03.31,04:00,4556.995,4569.556,4556.995,4564.972,10474
2026.03.31,05:00,4564.820,4581.838,4547.673,4568.758,16484
2026.03.31,06:00,4568.984,4569.168,4553.285,4557.382,15693
2026.03.31,07:00,4557.444,4565.874,4543.237,4564.370,14230
2026.03.31,08:00,4564.312,4575.094,4560.665,4568.700,13614
2026.03.31,09:00,4568.756,4572.320,4550.150,4555.462,12956
2026.03.31,10:00,4555.401,4561.872,4529.296,4546.837,13732
2026.03.31,11:00,4546.939,4593.294,4540.947,4582.165,28922
2026.03.31,12:00,4582.221,4597.718,4569.118,4574.949,23488
2026.03.31,13:00,4575.004,4609.597,4567.778,4607.525,25588
2026.03.31,14:00,4607.404,4630.320,4594.787,4598.948,39747
2026.03.31,15:00,4599.016,4625.404,4599.016,4609.649,23386
2026.03.31,16:00,4609.591,4651.810,4606.960,4638.450,43025
2026.03.31,17:00,4638.379,4667.430,4636.223,4654.497,36648
2026.03.31,18:00,4654.619,4671.193,4653.584,4667.549,18615
2026.03.31,19:00,4667.616,4685.761,4661.605,4682.777,20101
2026.03.31,20:00,4682.845,4687.395,4664.654,4668.292,9676
2026.03.31,22:00,4681.685,4696.490,4661.731,4681.007,13568
2026.03.31,23:00,4681.099,4700.124,4671.796,4696.483,8466
2026.04.01,00:00,4696.425,4722.635,4693.620,4711.050,18612
2026.04.01,01:00,4711.107,4724.318,4681.356,4692.607,26347
2026.04.01,02:00,4692.676,4700.341,4678.253,4684.747,14788
2026.04.01,03:00,4684.681,4694.084,4679.688,4681.874,9812
2026.04.01,04:00,4682.178,4682.241,4666.983,4676.548,7866
2026.04.01,05:00,4676.311,4703.454,4674.780,4684.408,11836
2026.04.01,06:00,4684.473,4733.189,4682.461,4730.525,17622
2026.04.01,07:00,4730.582,4747.657,4709.505,4713.181,19414
2026.04.01,08:00,4712.825,4740.435,4710.459,4728.694,16792
2026.04.01,09:00,4728.752,4730.220,4713.116,4722.998,12697
2026.04.01,10:00,4723.057,4738.901,4715.259,4731.275,10909
2026.04.01,11:00,4731.227,4763.074,4728.158,4752.192,13802
2026.04.01,12:00,4752.125,4753.812,4724.154,4724.584,30351
2026.04.01,13:00,4724.898,4749.539,4715.956,4738.332,35291
2026.04.01,14:00,4738.039,4768.892,4724.151,4760.915,35491
2026.04.01,15:00,4760.972,4788.396,4758.194,4786.628,21201
2026.04.01,16:00,4786.684,4790.758,4774.522,4787.153,13525
2026.04.01,17:00,4787.389,4793.070,4773.534,4774.527,12426
2026.04.01,18:00,4774.172,4775.314,4742.098,4753.304,24526
2026.04.01,19:00,4753.363,4778.124,4750.980,4766.091,18748
2026.04.01,20:00,4765.989,4771.345,4754.074,4756.928,7269
2026.04.01,22:00,4758.827,4782.890,4756.400,4776.642,5010
2026.04.01,23:00,4776.445,4800.399,4773.625,4784.212,8138
2026.04.02,00:00,4784.283,4798.946,4774.832,4784.768,15714
2026.04.02,01:00,4784.304,4786.598,4650.493,4696.465,88361
2026.04.02,02:00,4696.444,4704.172,4655.068,4687.027,40430
2026.04.02,03:00,4687.066,4699.264,4675.575,4676.201,16273
2026.04.02,04:00,4676.427,4681.637,4657.137,4672.483,14474
2026.04.02,05:00,4672.543,4680.389,4586.083,4594.047,36287
2026.04.02,06:00,4594.118,4608.397,4553.884,4599.099,47226
2026.04.02,07:00,4599.039,4651.296,4597.083,4642.857,21156
2026.04.02,08:00,4642.850,4648.976,4617.075,4620.791,19285
2026.04.02,09:00,4620.721,4632.030,4613.076,4621.929,15407
2026.04.02,10:00,4621.990,4635.130,4603.928,4620.629,16210
2026.04.02,11:00,4620.704,4630.464,4592.636,4600.093,19007
2026.04.02,12:00,4600.233,4630.298,4594.478,4601.846,24731
2026.04.02,13:00,4602.198,4651.528,4580.356,4645.987,63895
2026.04.02,14:00,4646.045,4699.954,4631.485,4681.567,77168
2026.04.02,15:00,4681.564,4684.039,4652.517,4660.904,41704
2026.04.02,16:00,4660.966,4670.732,4642.765,4659.020,26791
2026.04.02,17:00,4658.981,4668.488,4645.657,4648.842,20667
2026.04.02,18:00,4648.905,4672.177,4647.264,4668.662,14436
2026.04.02,19:00,4668.710,4681.844,4661.365,4672.147,16395
2026.04.02,20:00,4672.208,4676.954,4664.319,4675.387,7727
2026.04.05,22:01,4662.998,4662.998,4608.406,4649.814,20323
2026.04.05,23:01,4649.886,4651.454,4605.111,4610.716,12044
2026.04.06,00:00,4610.748,4629.436,4600.632,4622.396,20376
2026.04.06,01:00,4622.436,4643.295,4620.530,4625.815,14375
2026.04.06,02:00,4626.128,4671.933,4623.587,4648.204,18439
2026.04.06,03:00,4648.140,4648.253,4625.229,4640.466,13234
2026.04.06,04:00,4640.410,4660.152,4639.963,4658.946,7688
2026.04.06,05:00,4658.952,4678.992,4651.475,4652.826,10816
2026.04.06,06:00,4652.833,4667.972,4643.125,4665.891,12549
2026.04.06,07:00,4665.833,4688.728,4644.946,4684.552,13797
2026.04.06,08:00,4684.433,4698.322,4680.446,4695.604,13995
2026.04.06,09:00,4695.672,4706.779,4690.980,4693.726,11942
2026.04.06,10:00,4693.813,4697.619,4684.742,4689.962,11771
2026.04.06,11:00,4690.030,4696.932,4677.005,4678.057,10377
2026.04.06,12:00,4677.998,4686.743,4659.535,4675.748,12777
2026.04.06,13:00,4676.028,4681.675,4659.683,4679.786,28692
2026.04.06,14:00,4680.236,4697.728,4660.169,4682.965,33412
2026.04.06,15:00,4683.039,4684.065,4652.066,4668.253,21575
2026.04.06,16:00,4668.028,4672.667,4657.705,4660.541,13368
2026.04.06,17:00,4660.608,4661.134,4645.614,4653.781,15764
2026.04.06,18:00,4653.838,4666.498,4648.661,4658.223,12060
2026.04.06,19:00,4658.228,4659.454,4645.402,4655.255,8695
2026.04.06,20:00,4655.316,4658.402,4649.031,4649.998,4422
2026.04.06,22:00,4661.141,4668.037,4656.895,4658.288,5431
2026.04.06,23:00,4658.486,4661.207,4651.664,4658.665,4226
2026.04.07,00:00,4659.018,4661.491,4649.086,4654.764,10156
2026.04.07,01:00,4654.741,4664.379,4616.275,4626.713,41994
2026.04.07,02:00,4626.783,4654.131,4619.844,4650.400,16958
2026.04.07,03:00,4650.479,4654.097,4639.438,4649.602,9899
2026.04.07,04:00,4649.538,4664.251,4645.478,4659.730,8427
2026.04.07,05:00,4659.796,4661.386,4622.812,4642.874,16964
2026.04.07,06:00,4643.262,4656.570,4637.621,4653.291,16403
2026.04.07,07:00,4653.218,4657.186,4636.679,4645.905,12773
2026.04.07,08:00,4646.222,4690.871,4644.195,4682.994,26778
2026.04.07,09:00,4682.972,4694.695,4658.859,4670.770,17624
2026.04.07,10:00,4670.864,4680.548,4649.186,4652.241,25210
2026.04.07,11:00,4652.171,4664.274,4628.639,4659.859,18543
2026.04.07,12:00,4659.925,4670.811,4646.762,4651.756,20587
2026.04.07,13:00,4651.520,4663.230,4635.510,4644.437,29796
2026.04.07,14:00,4644.143,4661.300,4607.295,4633.455,40884
2026.04.07,15:00,4633.389,4659.482,4624.805,4655.761,28037
2026.04.07,16:00,4655.430,4668.512,4652.523,4657.183,21507
2026.04.07,17:00,4657.245,4686.512,4653.861,4676.114,18528
2026.04.07,18:00,4675.794,4686.418,4657.459,4662.381,13878
2026.04.07,19:00,4662.442,4718.751,4660.705,4700.670,68485
2026.04.07,20:00,4700.733,4717.170,4697.215,4706.548,16522
2026.04.07,22:00,4740.804,4819.810,4713.573,4818.311,28976
2026.04.07,23:00,4818.422,4836.461,4801.974,4833.214,28469
2026.04.08,00:00,4833.301,4857.494,4808.695,4817.833,35515
2026.04.08,01:00,4817.984,4825.360,4788.081,4810.342,33639
2026.04.08,02:00,4810.262,4825.281,4798.761,4803.778,13596
2026.04.08,03:00,4803.837,4806.095,4794.872,4797.707,10511
2026.04.08,04:00,4797.726,4806.772,4790.290,4803.484,9425
2026.04.08,05:00,4803.424,4843.911,4800.319,4827.758,13439
2026.04.08,06:00,4827.293,4839.829,4820.095,4820.125,17384
2026.04.08,07:00,4820.211,4821.273,4805.361,4813.524,14778
2026.04.08,08:00,4813.592,4819.935,4790.403,4793.698,14275
2026.04.08,09:00,4794.056,4806.748,4776.322,4783.427,12949
2026.04.08,10:00,4783.368,4796.288,4770.974,4782.821,10691
2026.04.08,11:00,4782.736,4802.777,4777.818,4798.429,16084
2026.04.08,12:00,4798.781,4807.045,4768.429,4799.734,24697
2026.04.08,13:00,4799.667,4806.774,4767.250,4777.540,31655
2026.04.08,14:00,4777.895,4792.128,4732.309,4736.539,40296
2026.04.08,15:00,4736.309,4763.285,4734.347,4756.360,23282
2026.04.08,16:00,4756.672,4765.729,4745.286,4760.722,14221
2026.04.08,17:00,4760.654,4764.434,4731.597,4734.126,16777
2026.04.08,18:00,4734.178,4744.577,4703.456,4705.272,27162
2026.04.08,19:00,4704.994,4731.950,4699.525,4730.488,21188
2026.04.08,20:00,4730.428,4732.250,4717.081,4719.348,6397
2026.04.08,22:00,4729.156,4732.457,4704.740,4717.895,8509
2026.04.08,23:00,4717.817,4720.149,4705.445,4715.569,7026
2026.04.09,00:00,4715.639,4719.138,4698.555,4706.678,14499
2026.04.09,01:00,4706.620,4728.120,4699.567,4727.161,22655
2026.04.09,02:00,4727.225,4732.935,4717.562,4718.906,10675
2026.04.09,03:00,4718.954,4720.412,4705.216,4711.625,10271
2026.04.09,04:00,4711.385,4725.573,4709.757,4720.989,6726
2026.04.09,05:00,4721.049,4726.713,4705.686,4713.411,12210
2026.04.09,06:00,4713.396,4725.488,4703.397,4712.695,14246
2026.04.09,07:00,4712.632,4731.376,4705.725,4724.227,16885
2026.04.09,08:00,4724.580,4733.311,4719.857,4726.312,10489
2026.04.09,09:00,4726.078,4733.385,4723.056,4729.130,8808
2026.04.09,10:00,4729.097,4746.707,4723.447,4741.040,10057
2026.04.09,11:00,4740.984,4757.533,4738.407,4756.411,9089
2026.04.09,12:00,4756.475,4759.954,4734.807,4745.964,14695
2026.04.09,13:00,4746.021,4777.233,4738.604,4764.517,24083
2026.04.09,14:00,4764.575,4776.141,4746.961,4768.282,21474
2026.04.09,15:00,4768.341,4798.045,4761.246,4792.764,22854
2026.04.09,16:00,4793.082,4801.181,4784.349,4788.716,14628
2026.04.09,17:00,4788.776,4801.313,4786.700,4797.951,10886
2026.04.09,18:00,4797.604,4798.266,4767.584,4772.298,16656
2026.04.09,19:00,4772.232,4782.725,4766.880,4768.986,24590
2026.04.09,20:00,4769.048,4773.503,4760.773,4765.093,5953
2026.04.09,22:00,4779.096,4779.530,4758.723,4764.077,6221
2026.04.09,23:00,4764.110,4764.281,4756.774,4763.640,4768
2026.04.10,00:00,4763.703,4763.703,4750.770,4762.773,10986
2026.04.10,01:00,4762.836,4777.349,4758.042,4764.691,14878
2026.04.10,02:00,4764.753,4765.444,4737.891,4752.949,12917
2026.04.10,03:00,4752.885,4769.474,4752.791,4766.370,8238
2026.04.10,04:00,4766.725,4770.968,4758.068,4758.742,5495
2026.04.10,05:00,4758.732,4769.348,4757.353,4766.168,8602
2026.04.10,06:00,4765.967,4765.967,4742.765,4746.272,11565
2026.04.10,07:00,4746.147,4757.521,4741.259,4749.846,8495
2026.04.10,08:00,4749.905,4753.249,4730.634,4740.683,10881
2026.04.10,09:00,4740.739,4760.695,4740.532,4751.422,11835
2026.04.10,10:00,4751.483,4760.735,4742.280,4757.349,7424
2026.04.10,11:00,4756.987,4768.784,4753.349,4768.105,7628
2026.04.10,12:00,4768.169,4782.457,4759.748,4771.990,16140
2026.04.10,13:00,4771.627,4780.461,4764.942,4775.262,22111
2026.04.10,14:00,4775.380,4795.223,4767.574,4774.940,22351
2026.04.10,15:00,4775.012,4787.386,4754.957,4762.018,19595
2026.04.10,16:00,4762.113,4766.101,4747.412,4763.976,15901
2026.04.10,17:00,4763.948,4768.725,4758.120,4760.451,10558
2026.04.10,18:00,4760.516,4773.283,4750.847,4765.108,9747
2026.04.10,19:00,4765.176,4770.393,4758.302,4759.843,8043
2026.04.10,20:00,4759.696,4760.113,4740.888,4749.509,7160
2026.04.12,22:01,4670.286,4685.186,4644.076,4656.155,14556
2026.04.12,23:01,4656.512,4672.020,4644.261,4671.414,9376
2026.04.13,00:00,4671.229,4698.720,4664.533,4695.410,14723
2026.04.13,01:00,4695.645,4728.232,4693.624,4721.174,24720
2026.04.13,02:00,4721.469,4728.079,4711.369,4720.646,12648
2026.04.13,03:00,4720.288,4723.886,4712.270,4718.332,7684
2026.04.13,04:00,4718.311,4725.152,4708.281,4723.044,7303
2026.04.13,05:00,4723.021,4730.809,4716.353,4729.581,9881
2026.04.13,06:00,4729.328,4732.802,4720.739,4725.479,11448
2026.04.13,07:00,4725.765,4740.112,4725.044,4733.844,11920
2026.04.13,08:00,4733.858,4738.768,4720.031,4723.567,10551
2026.04.13,09:00,4723.535,4728.592,4710.591,4714.818,10654
2026.04.13,10:00,4714.877,4723.917,4708.166,4722.035,8153
2026.04.13,11:00,4721.969,4729.232,4703.407,4706.863,12689
2026.04.13,12:00,4706.955,4725.213,4703.580,4723.432,14855
2026.04.13,13:00,4723.610,4744.764,4721.179,4730.544,29478
2026.04.13,14:00,4730.487,4731.473,4708.838,4719.221,24175
2026.04.13,15:00,4718.945,4719.930,4700.178,4714.680,18524
2026.04.13,16:00,4714.330,4746.340,4709.447,4733.133,24311
2026.04.13,17:00,4733.159,4749.976,4725.670,4730.074,13581
2026.04.13,18:00,4730.131,4740.838,4723.089,4738.304,9321
2026.04.13,19:00,4738.231,4747.498,4730.644,4741.325,8756
2026.04.13,20:00,4741.088,4744.241,4738.102,4741.154,4297
2026.04.13,22:00,4750.857,4759.482,4745.790,4757.871,5306
2026.04.13,23:00,4757.808,4766.087,4754.427,4757.365,5361
2026.04.14,00:00,4757.741,4775.919,4751.532,4769.693,11367
2026.04.14,01:00,4769.636,4777.105,4761.728,4764.633,14989
2026.04.14,02:00,4764.549,4777.264,4762.127,4774.970,8897
2026.04.14,03:00,4775.004,4775.671,4765.697,4768.295,6171
2026.04.14,04:00,4768.371,4777.031,4766.884,4774.273,4395
2026.04.14,05:00,4774.305,4774.375,4758.104,4760.214,9307
2026.04.14,06:00,4760.204,4783.207,4760.175,4782.065,9816
2026.04.14,07:00,4782.129,4796.503,4768.058,4777.099,15278
2026.04.14,08:00,4777.026,4789.947,4774.230,4786.606,9964
2026.04.14,09:00,4787.035,4789.177,4771.351,4778.416,9181
2026.04.14,10:00,4778.474,4787.904,4751.760,4768.594,10362
2026.04.14,11:00,4768.529,4783.099,4766.748,4775.091,9727
2026.04.14,12:00,4775.148,4777.577,4762.203,4771.530,14541
2026.04.14,13:00,4771.160,4803.520,4770.927,4794.472,21404
2026.04.14,14:00,4794.535,4818.120,4792.887,4804.016,20118
2026.04.14,15:00,4804.072,4816.214,4790.993,4808.239,15143
2026.04.14,16:00,4808.004,4820.557,4804.932,4810.287,10754
2026.04.14,17:00,4810.289,4841.590,4809.287,4835.233,11967
2026.04.14,18:00,4835.173,4843.478,4830.897,4835.831,8469
2026.04.14,19:00,4835.667,4846.355,4835.667,4844.641,7826
2026.04.14,20:00,4844.711,4846.067,4839.625,4840.793,3952
2026.04.14,22:00,4839.704,4850.712,4833.224,4835.129,5675
2026.04.14,23:00,4835.150,4844.270,4833.684,4836.943,6106
2026.04.15,00:00,4837.000,4839.829,4827.326,4835.667,8388
2026.04.15,01:00,4835.620,4871.389,4828.223,4847.276,20142
2026.04.15,02:00,4846.909,4853.495,4820.358,4824.054,14778
2026.04.15,03:00,4823.752,4829.471,4816.768,4823.775,8693
2026.04.15,04:00,4824.167,4827.895,4820.448,4825.118,5240
2026.04.15,05:00,4824.802,4830.410,4812.518,4819.827,12576
2026.04.15,06:00,4819.897,4825.069,4810.996,4811.616,10221
2026.04.15,07:00,4811.913,4817.078,4803.890,4811.017,12376
2026.04.15,08:00,4810.954,4821.196,4804.674,4818.225,10168
2026.04.15,09:00,4818.164,4819.444,4786.103,4798.003,14696
2026.04.15,10:00,4798.233,4805.297,4790.100,4799.900,13013
2026.04.15,11:00,4800.254,4815.021,4795.627,4812.764,10071
2026.04.15,12:00,4812.697,4816.270,4807.145,4811.793,10414
2026.04.15,13:00,4811.730,4830.175,4808.338,4828.671,18797
2026.04.15,14:00,4828.584,4830.742,4813.528,4815.690,14420
2026.04.15,15:00,4815.747,4816.338,4786.746,4801.842,17895
2026.04.15,16:00,4801.776,4812.796,4800.061,4803.963,11794
2026.04.15,17:00,4803.788,4808.768,4790.849,4792.368,10360
2026.04.15,18:00,4792.674,4802.067,4789.987,4799.932,9654
2026.04.15,19:00,4799.611,4803.593,4794.391,4795.993,7223
2026.04.15,20:00,4796.052,4796.781,4787.666,4791.029,4418
2026.04.15,22:00,4797.216,4811.979,4791.174,4807.738,4724
2026.04.15,23:00,4807.717,4826.640,4807.659,4823.614,4547
2026.04.16,00:00,4823.465,4837.715,4820.325,4832.872,8415
2026.04.16,01:00,4832.906,4836.549,4811.228,4818.103,11507
2026.04.16,02:00,4817.968,4825.068,4812.594,4819.541,8682
2026.04.16,03:00,4819.774,4827.034,4818.976,4824.216,6046
2026.04.16,04:00,4824.142,4833.482,4822.900,4832.834,4694
2026.04.16,05:00,4832.892,4838.492,4821.157,4821.446,8488
2026.04.16,06:00,4821.517,4830.638,4814.152,4826.176,11618
2026.04.16,07:00,4826.234,4831.099,4817.174,4821.270,10988
2026.04.16,08:00,4821.262,4821.834,4806.439,4813.590,10253
2026.04.16,09:00,4813.620,4817.890,4806.835,4812.639,8305
2026.04.16,10:00,4812.651,4817.375,4805.024,4817.052,7383
2026.04.16,11:00,4817.118,4822.520,4815.534,4822.294,7206
2026.04.16,12:00,4822.068,4823.151,4811.414,4816.379,9583
2026.04.16,13:00,4816.158,4824.061,4784.624,4794.740,22638
2026.04.16,14:00,4794.656,4805.405,4772.888,4788.554,29329
2026.04.16,15:00,4788.845,4813.021,4788.162,4806.785,18775
2026.04.16,16:00,4806.720,4810.236,4785.232,4791.910,14377
2026.04.16,17:00,4792.264,4795.454,4781.416,4789.026,12085
2026.04.16,18:00,4788.967,4794.240,4785.669,4789.369,9354
2026.04.16,19:00,4789.355,4798.678,4789.355,4793.779,7500
2026.04.16,20:00,4793.711,4793.992,4786.317,4790.084,3908
2026.04.16,22:00,4794.654,4797.981,4790.989,4795.417,4555
2026.04.16,23:00,4795.359,4797.909,4791.617,4791.693,4202
2026.04.17,00:00,4791.601,4801.306,4785.828,4794.994,7184
2026.04.17,01:00,4795.056,4795.731,4767.476,4789.277,16145
2026.04.17,02:00,4789.273,4794.833,4784.403,4784.727,7404
2026.04.17,03:00,4784.784,4798.171,4784.713,4793.460,7046
2026.04.17,04:00,4793.435,4804.728,4792.532,4802.851,4744
2026.04.17,05:00,4802.862,4806.423,4793.660,4794.367,8638
2026.04.17,06:00,4794.487,4795.346,4779.265,4785.113,9619
2026.04.17,07:00,4785.184,4794.707,4778.738,4784.516,8137
2026.04.17,08:00,4784.502,4796.738,4780.942,4795.786,7764
2026.04.17,09:00,4795.727,4800.947,4789.952,4790.544,6978
2026.04.17,10:00,4790.602,4793.946,4782.197,4787.245,6628
2026.04.17,11:00,4787.305,4811.823,4783.389,4799.256,8250
2026.04.17,12:00,4799.321,4847.860,4797.589,4846.209,23837
2026.04.17,13:00,4846.144,4889.956,4834.880,4880.023,47907
2026.04.17,14:00,4880.083,4885.643,4860.660,4873.284,24357
2026.04.17,15:00,4873.351,4880.431,4854.653,4867.595,21416
2026.04.17,16:00,4867.526,4873.557,4863.783,4866.809,10138
2026.04.17,17:00,4866.963,4869.680,4853.687,4862.653,14309
2026.04.17,18:00,4862.443,4868.176,4855.845,4858.406,9218
2026.04.17,19:00,4858.464,4861.305,4852.693,4854.653,9114
2026.04.17,20:00,4854.712,4855.275,4830.781,4832.687,10023
2026.04.19,22:01,4774.693,4795.423,4771.147,4776.604,12146
2026.04.19,23:01,4776.668,4779.557,4736.790,4755.256,12304
2026.04.20,00:00,4755.456,4774.444,4745.062,4772.636,16625
2026.04.20,01:00,4772.361,4814.393,4771.140,4808.009,20153
2026.04.20,02:00,4807.934,4809.034,4793.005,4797.457,10265
2026.04.20,03:00,4797.396,4798.381,4788.820,4791.059,7937
2026.04.20,04:00,4791.122,4795.901,4786.996,4788.881,6384
2026.04.20,05:00,4788.667,4795.874,4779.498,4790.946,12171
2026.04.20,06:00,4790.633,4795.520,4783.758,4795.309,12281
2026.04.20,07:00,4795.368,4805.560,4786.779,4789.553,12654
2026.04.20,08:00,4789.488,4796.330,4785.931,4795.974,8782
2026.04.20,09:00,4795.912,4798.024,4783.264,4791.702,8460
2026.04.20,10:00,4791.837,4801.121,4789.963,4795.700,6667
2026.04.20,11:00,4795.760,4810.912,4786.562,4810.337,9384
2026.04.20,12:00,4810.279,4822.135,4798.955,4803.525,13756
2026.04.20,13:00,4803.584,4826.553,4799.733,4817.975,21483
2026.04.20,14:00,4818.039,4827.725,4792.677,4805.166,24866
2026.04.20,15:00,4805.104,4809.552,4792.552,4799.522,19575
2026.04.20,16:00,4799.709,4806.289,4792.750,4805.361,9721
2026.04.20,17:00,4805.421,4812.352,4803.860,4806.912,8321
2026.04.20,18:00,4806.828,4816.498,4806.828,4813.886,7067
2026.04.20,19:00,4814.124,4821.521,4810.392,4814.077,6028
2026.04.20,20:00,4814.138,4822.086,4812.076,4820.868,3880
2026.04.20,22:00,4827.660,4833.079,4820.959,4827.755,6912
2026.04.20,23:00,4827.540,4831.865,4819.899,4821.598,4405
2026.04.21,00:00,4821.660,4830.565,4816.722,4823.848,9873
2026.04.21,01:00,4823.774,4824.503,4805.627,4810.050,11077
2026.04.21,02:00,4810.339,4810.525,4802.345,4807.003,7608
2026.04.21,03:00,4807.071,4807.795,4792.518,4797.325,7627
2026.04.21,04:00,4797.089,4798.005,4788.884,4789.020,6025
2026.04.21,05:00,4789.071,4796.780,4783.009,4784.327,10113
2026.04.21,06:00,4784.262,4790.534,4774.452,4778.997,11861
2026.04.21,07:00,4778.951,4792.795,4772.701,4786.212,9260
2026.04.21,08:00,4786.153,4792.908,4774.632,4786.299,9253
2026.04.21,09:00,4786.233,4789.735,4781.085,4783.857,7536
2026.04.21,10:00,4783.916,4790.454,4780.757,4789.550,5978
2026.04.21,11:00,4789.600,4798.180,4775.204,4794.760,9954
2026.04.21,12:00,4794.819,4797.094,4766.638,4778.644,14944
2026.04.21,13:00,4778.579,4794.285,4760.324,4779.128,24225
2026.04.21,14:00,4779.195,4782.572,4723.359,4739.077,35249
2026.04.21,15:00,4738.802,4757.662,4727.852,4741.674,33301
2026.04.21,16:00,4741.501,4746.777,4707.966,4711.194,20623
2026.04.21,17:00,4711.252,4722.338,4696.867,4710.836,28182
2026.04.21,18:00,4710.779,4714.705,4692.282,4709.087,17713
2026.04.21,19:00,4709.144,4715.208,4668.194,4679.484,31256
2026.04.21,20:00,4679.552,4719.433,4668.764,4718.861,21948
2026.04.21,22:00,4719.869,4729.649,4715.473,4719.352,6202
2026.04.21,23:00,4719.376,4740.433,4718.155,4737.858,6233
2026.04.22,00:00,4738.114,4747.561,4738.114,4739.800,9224
2026.04.22,01:00,4739.667,4754.693,4736.067,4752.292,12620
2026.04.22,02:00,4752.043,4758.929,4750.148,4755.644,7184
2026.04.22,03:00,4755.578,4765.097,4753.193,4758.305,6583
2026.04.22,04:00,4758.352,4759.618,4752.341,4754.670,5796
2026.04.22,05:00,4754.484,4772.238,4752.093,4767.545,10608
2026.04.22,06:00,4767.455,4767.909,4758.755,4767.499,6681
2026.04.22,07:00,4767.439,4772.419,4759.672,4760.696,7747
2026.04.22,08:00,4760.703,4762.318,4751.812,4757.168,7654
2026.04.22,09:00,4757.101,4762.427,4752.230,4755.058,7316
2026.04.22,10:00,4755.243,4760.147,4745.691,4759.307,7487
2026.04.22,11:00,4759.003,4760.877,4747.693,4750.610,8002
2026.04.22,12:00,4750.384,4760.245,4742.715,4744.381,11644
2026.04.22,13:00,4744.443,4760.807,4736.296,4752.756,21907
2026.04.22,14:00,4752.692,4757.294,4730.005,4735.802,18548
2026.04.22,15:00,4735.860,4740.372,4724.965,4727.793,13905
2026.04.22,16:00,4727.878,4735.043,4723.718,4728.519,9908
2026.04.22,17:00,4728.594,4739.450,4728.414,4737.300,9069
2026.04.22,18:00,4737.356,4749.395,4729.782,4741.627,7235
2026.04.22,19:00,4741.927,4745.332,4736.843,4740.039,8056
2026.04.22,20:00,4740.106,4740.570,4734.351,4739.554,4473
2026.04.22,22:00,4744.856,4745.928,4725.852,4726.110,4387
2026.04.22,23:00,4726.173,4729.979,4723.466,4728.002,4490
2026.04.23,00:00,4728.068,4753.875,4694.040,4747.782,28344
2026.04.23,01:00,4747.890,4750.029,4722.549,4723.429,16368
2026.04.23,02:00,4723.482,4724.848,4698.030,4698.730,19980
2026.04.23,03:00,4698.945,4708.712,4697.933,4703.886,13799
2026.04.23,04:00,4703.906,4707.071,4698.573,4704.255,6595
2026.04.23,05:00,4704.250,4715.303,4692.171,4713.306,12054
2026.04.23,06:00,4713.379,4721.245,4708.636,4712.752,10831
2026.04.23,07:00,4712.987,4720.436,4703.195,4718.979,11391
2026.04.23,08:00,4719.062,4725.123,4701.511,4703.501,9298
2026.04.23,09:00,4703.444,4703.820,4694.737,4697.426,10361
2026.04.23,10:00,4697.360,4701.836,4684.191,4696.404,11051
2026.04.23,11:00,4696.460,4720.914,4695.499,4720.465,10575
2026.04.23,12:00,4720.528,4743.248,4719.562,4739.940,19493
2026.04.23,13:00,4740.005,4741.310,4723.760,4724.284,18477
2026.04.23,14:00,4724.517,4736.681,4716.927,4733.750,21013
2026.04.23,15:00,4733.812,4741.067,4716.394,4720.584,15892
2026.04.23,16:00,4720.657,4737.073,4715.477,4732.768,11119
2026.04.23,17:00,4732.799,4734.504,4664.124,4709.157,50764
2026.04.23,18:00,4709.214,4722.150,4699.285,4701.255,24532
2026.04.23,19:00,4701.021,4704.623,4689.272,4696.200,16403
2026.04.23,20:00,4696.050,4698.332,4686.425,4693.010,6917
2026.04.23,22:00,4699.656,4700.103,4690.184,4693.125,4739
2026.04.23,23:00,4693.138,4700.591,4686.597,4695.273,5675
2026.04.24,00:00,4695.200,4707.929,4690.822,4704.554,12975
2026.04.24,01:00,4704.445,4711.100,4690.187,4699.359,15799
2026.04.24,02:00,4699.273,4700.519,4672.921,4676.849,13360
2026.04.24,03:00,4676.908,4678.447,4668.629,4672.265,9855
2026.04.24,04:00,4672.208,4676.968,4657.623,4674.301,9435
2026.04.24,05:00,4674.368,4687.479,4669.737,4686.242,9442
2026.04.24,06:00,4686.299,4688.202,4666.738,4672.109,9407
2026.04.24,07:00,4672.015,4695.295,4670.864,4694.506,7821
2026.04.24,08:00,4694.386,4697.354,4685.206,4690.971,8591
2026.04.24,09:00,4691.035,4696.703,4679.252,4681.960,9490
2026.04.24,10:00,4681.903,4686.377,4674.590,4677.955,7533
2026.04.24,11:00,4677.899,4717.393,4677.782,4706.721,23203
2026.04.24,12:00,4706.798,4711.810,4690.314,4700.608,14023
2026.04.24,13:00,4700.742,4717.621,4689.516,4712.038,19931
2026.04.24,14:00,4711.603,4740.390,4706.856,4726.437,24343
2026.04.24,15:00,4726.500,4733.401,4714.597,4727.141,20494
2026.04.24,16:00,4727.057,4729.815,4719.044,4726.554,12048
2026.04.24,17:00,4726.610,4730.020,4718.894,4723.454,10556
2026.04.24,18:00,4723.524,4724.900,4716.850,4722.563,6896
2026.04.24,19:00,4722.621,4726.117,4713.650,4716.712,7111
2026.04.24,20:00,4716.649,4717.509,4705.244,4708.520,5594
2026.04.26,22:01,4696.179,4699.938,4679.910,4681.546,6856
2026.04.26,23:01,4681.486,4684.847,4674.888,4680.117,5153
2026.04.27,00:00,4680.181,4698.081,4672.069,4697.665,9498
2026.04.27,01:00,4698.024,4709.946,4690.756,4702.532,16823
2026.04.27,02:00,4702.642,4723.399,4696.314,4718.321,11054
2026.04.27,03:00,4718.295,4729.427,4714.584,4724.309,8449
2026.04.27,04:00,4723.958,4730.187,4722.693,4724.828,5637
2026.04.27,05:00,4724.845,4725.448,4708.639,4710.189,8097
2026.04.27,06:00,4709.915,4715.770,4709.131,4712.951,8638
2026.04.27,07:00,4712.707,4718.284,4709.997,4713.469,8294
2026.04.27,08:00,4713.237,4714.779,4705.293,4706.656,7804
2026.04.27,09:00,4707.010,4708.353,4699.115,4703.497,6626
2026.04.27,10:00,4703.558,4711.098,4699.450,4708.926,5415
2026.04.27,11:00,4708.981,4709.096,4700.034,4704.684,6650
2026.04.27,12:00,4705.042,4712.681,4696.830,4699.331,10975
2026.04.27,13:00,4699.391,4703.507,4689.003,4696.045,17296
2026.04.27,14:00,4696.349,4696.805,4676.397,4678.003,18730
2026.04.27,15:00,4678.245,4682.638,4667.048,4670.194,15882
2026.04.27,16:00,4669.987,4679.554,4667.302,4676.520,8638
2026.04.27,17:00,4676.577,4686.232,4668.096,4682.364,9786
2026.04.27,18:00,4682.302,4685.586,4678.827,4680.879,6102
2026.04.27,19:00,4680.823,4682.757,4676.577,4680.495,6059
2026.04.27,20:00,4680.845,4681.290,4677.341,4680.096,3213
2026.04.27,22:00,4684.256,4691.275,4682.168,4688.023,4093
2026.04.27,23:00,4687.732,4695.148,4687.167,4692.098,3611
2026.04.28,00:00,4692.160,4701.499,4690.396,4690.396,6948
2026.04.28,01:00,4690.632,4691.403,4669.320,4670.837,11478
2026.04.28,02:00,4670.895,4679.624,4666.500,4669.286,9678
2026.04.28,03:00,4669.049,4675.904,4668.505,4671.006,6642
2026.04.28,04:00,4670.949,4671.378,4666.517,4667.740,4961
2026.04.28,05:00,4667.450,4668.091,4623.832,4632.104,18579
2026.04.28,06:00,4632.247,4643.141,4623.226,4628.874,14149
2026.04.28,07:00,4629.104,4639.459,4620.628,4632.993,12774
2026.04.28,08:00,4632.931,4635.291,4614.649,4629.496,14020
2026.04.28,09:00,4629.778,4630.129,4604.512,4604.979,12154
2026.04.28,10:00,4604.898,4616.327,4603.215,4603.442,8786
2026.04.28,11:00,4603.135,4608.602,4555.341,4562.508,21981
2026.04.28,12:00,4562.544,4600.194,4554.665,4593.866,24550
2026.04.28,13:00,4593.512,4594.695,4570.716,4580.555,30300
2026.04.28,14:00,4580.194,4580.810,4557.176,4574.347,30690
2026.04.28,15:00,4574.291,4586.481,4566.885,4586.257,21599
2026.04.28,16:00,4586.179,4595.006,4577.956,4592.135,13751
2026.04.28,17:00,4592.190,4601.477,4587.306,4594.852,11379
2026.04.28,18:00,4594.908,4600.733,4592.238,4594.445,7967
2026.04.28,19:00,4594.503,4600.022,4593.466,4595.794,7417
2026.04.28,20:00,4595.738,4598.596,4591.105,4596.554,4258
2026.04.28,22:00,4598.324,4599.602,4592.646,4593.973,3077
2026.04.28,23:00,4593.962,4596.205,4587.859,4595.825,3979
2026.04.29,00:00,4595.889,4610.467,4594.773,4600.090,10019
2026.04.29,01:00,4600.027,4600.621,4575.805,4584.632,19443
2026.04.29,02:00,4584.677,4604.140,4584.677,4593.532,11256
2026.04.29,03:00,4593.594,4603.385,4592.125,4595.256,7182
2026.04.29,04:00,4595.316,4605.767,4595.173,4604.683,5626
2026.04.29,05:00,4604.738,4607.857,4590.659,4590.906,8027
2026.04.29,06:00,4590.968,4598.661,4580.848,4584.403,10781
2026.04.29,07:00,4584.322,4588.688,4567.247,4568.013,12629
2026.04.29,08:00,4568.106,4576.590,4557.136,4573.315,13063
2026.04.29,09:00,4573.376,4580.885,4551.520,4555.718,11981
2026.04.29,10:00,4555.563,4576.613,4554.916,4569.720,9053
2026.04.29,11:00,4569.784,4571.990,4559.348,4561.744,9754
2026.04.29,12:00,4561.447,4568.930,4541.471,4545.018,12977
2026.04.29,13:00,4545.073,4553.504,4510.131,4521.915,25593
2026.04.29,14:00,4521.969,4542.821,4517.746,4539.171,21919
2026.04.29,15:00,4539.115,4558.919,4536.249,4547.915,22446
2026.04.29,16:00,4547.857,4565.091,4543.260,4545.330,15318
2026.04.29,17:00,4545.681,4554.442,4541.486,4547.402,13520
2026.04.29,18:00,4547.261,4552.798,4517.963,4537.880,33696
2026.04.29,19:00,4537.958,4550.723,4533.182,4547.074,17078
2026.04.29,20:00,4546.809,4553.444,4541.343,4543.730,13481
2026.04.29,22:00,4542.855,4552.794,4539.220,4552.265,4910
2026.04.29,23:00,4552.035,4562.149,4549.454,4561.610,4751
2026.04.30,00:00,4561.670,4574.150,4556.264,4569.712,13629
2026.04.30,01:00,4569.655,4582.435,4564.526,4579.131,14331
2026.04.30,02:00,4579.160,4581.951,4559.656,4564.735,12799
2026.04.30,03:00,4564.680,4569.150,4555.734,4556.080,8620
2026.04.30,04:00,4556.157,4557.129,4540.815,4542.235,9768
2026.04.30,05:00,4542.170,4569.763,4541.914,4562.740,10160
2026.04.30,06:00,4562.769,4591.622,4560.315,4589.318,13341
2026.04.30,07:00,4589.380,4605.556,4584.714,4598.261,10806
2026.04.30,08:00,4598.320,4629.892,4597.249,4616.377,18137
2026.04.30,09:00,4616.539,4631.657,4614.295,4625.011,14885
2026.04.30,10:00,4625.079,4647.087,4623.529,4639.675,15418
2026.04.30,11:00,4639.682,4645.932,4626.725,4629.987,17116
2026.04.30,12:00,4630.047,4639.944,4624.581,4639.413,14705
2026.04.30,13:00,4639.474,4646.185,4610.454,4610.939,25608
2026.04.30,14:00,4610.850,4626.134,4609.146,4619.767,36637
2026.04.30,15:00,4619.724,4625.588,4611.297,4615.427,17464
2026.04.30,16:00,4615.485,4617.778,4605.211,4607.569,11704
2026.04.30,17:00,4607.376,4621.840,4607.376,4616.673,11674
2026.04.30,18:00,4616.874,4625.326,4616.773,4622.584,8329
2026.04.30,19:00,4622.484,4627.552,4614.452,4617.074,8514
2026.04.30,20:00,4617.133,4622.105,4615.571,4620.722,5672
2026.04.30,22:00,4627.721,4632.813,4625.166,4630.482,4325
2026.04.30,23:00,4630.548,4634.122,4626.390,4626.390,4259
2026.05.01,00:00,4626.611,4631.008,4618.366,4619.797,9749
2026.05.01,01:00,4619.879,4622.050,4613.776,4621.038,7573
2026.05.01,02:00,4620.954,4636.211,4616.410,4619.213,7909
2026.05.01,03:00,4619.156,4631.853,4617.630,4626.821,6534
2026.05.01,04:00,4626.888,4628.934,4609.070,4609.287,7266
2026.05.01,05:00,4609.344,4616.121,4602.845,4605.066,6878
2026.05.01,06:00,4605.069,4607.751,4590.723,4594.657,9556
2026.05.01,07:00,4594.590,4598.121,4575.986,4578.052,9700
2026.05.01,08:00,4578.401,4582.567,4565.033,4569.049,9152
2026.05.01,09:00,4569.109,4572.868,4559.808,4562.552,7830
2026.05.01,10:00,4562.559,4576.060,4561.361,4566.763,6076
2026.05.01,11:00,4566.821,4579.496,4562.567,4578.838,7835
2026.05.01,12:00,4578.760,4607.901,4574.927,4591.277,15540
2026.05.01,13:00,4590.957,4629.005,4586.525,4625.333,19397
2026.05.01,14:00,4625.087,4660.339,4625.087,4631.955,29174
2026.05.01,15:00,4632.260,4648.145,4619.033,4643.378,19184
2026.05.01,16:00,4643.013,4650.081,4633.955,4639.090,14717
2026.05.01,17:00,4639.027,4642.763,4626.664,4629.681,9923
2026.05.01,18:00,4629.748,4630.668,4613.783,4624.438,9748
2026.05.01,19:00,4624.225,4627.830,4608.862,4610.533,8368
2026.05.01,20:00,4610.586,4617.177,4606.934,4613.384,5997
2026.05.03,22:01,4626.204,4629.462,4612.369,4616.962,6115
2026.05.03,23:01,4616.896,4620.753,4611.155,4613.754,5770
2026.05.04,00:00,4613.993,4616.569,4601.601,4613.206,12134
2026.05.04,01:00,4612.999,4614.175,4592.778,4612.938,11112
2026.05.04,02:00,4612.881,4618.666,4591.071,4605.740,10764
2026.05.04,03:00,4605.977,4617.208,4598.398,4614.932,10771
2026.05.04,04:00,4615.083,4615.603,4605.241,4606.136,7584
2026.05.04,05:00,4606.221,4613.183,4592.275,4598.958,12616
2026.05.04,06:00,4599.191,4600.549,4583.490,4588.821,12536
2026.05.04,07:00,4588.764,4593.432,4577.956,4579.119,10230
2026.05.04,08:00,4579.137,4581.543,4573.680,4577.167,10051
2026.05.04,09:00,4577.099,4584.624,4572.102,4575.587,6970
2026.05.04,10:00,4575.538,4575.972,4525.748,4562.474,32236
2026.05.04,11:00,4562.473,4570.949,4551.536,4560.094,19423
2026.05.04,12:00,4560.262,4579.451,4558.978,4568.389,18381
2026.05.04,13:00,4568.234,4575.776,4555.552,4564.227,29810
2026.05.04,14:00,4564.151,4583.389,4553.353,4561.587,27747
2026.05.04,15:00,4561.644,4566.095,4512.117,4521.416,48383
2026.05.04,16:00,4521.368,4527.116,4500.490,4510.527,31807
2026.05.04,17:00,4510.602,4531.627,4510.602,4522.267,15835
2026.05.04,18:00,4522.323,4525.530,4509.705,4516.156,9903
2026.05.04,19:00,4516.088,4527.185,4511.355,4517.845,11727
2026.05.04,20:00,4517.675,4523.491,4511.620,4523.491,4684
2026.05.04,22:00,4522.558,4524.305,4515.488,4517.380,3336
2026.05.04,23:00,4517.302,4521.766,4516.301,4519.094,3500
2026.05.05,00:00,4518.857,4530.463,4513.463,4529.906,9425
2026.05.05,01:00,4529.846,4542.254,4525.278,4540.802,9702
2026.05.05,02:00,4540.880,4546.889,4534.564,4539.167,6887
2026.05.05,03:00,4539.101,4542.773,4532.398,4534.677,5439
2026.05.05,04:00,4534.640,4536.773,4527.928,4533.589,5821
2026.05.05,05:00,4533.527,4551.871,4531.364,4545.565,9453
2026.05.05,06:00,4545.632,4552.253,4533.666,4548.219,10037
2026.05.05,07:00,4548.277,4558.463,4543.251,4545.636,9168
2026.05.05,08:00,4545.398,4559.625,4545.326,4558.317,9218
2026.05.05,09:00,4558.384,4560.598,4551.039,4556.107,8494
2026.05.05,10:00,4556.165,4556.915,4540.086,4543.630,7438
2026.05.05,11:00,4543.560,4564.993,4539.776,4562.621,9216
2026.05.05,12:00,4562.851,4574.784,4554.071,4564.409,12251
2026.05.05,13:00,4564.329,4585.106,4564.226,4579.566,14993
2026.05.05,14:00,4579.661,4586.781,4565.775,4582.458,17176
2026.05.05,15:00,4582.263,4583.989,4568.251,4568.696,10430
2026.05.05,16:00,4568.641,4569.143,4553.653,4561.032,9439
2026.05.05,17:00,4561.047,4562.872,4553.144,4559.701,7695
2026.05.05,18:00,4559.758,4565.810,4557.439,4561.188,5368
2026.05.05,19:00,4560.976,4561.604,4551.597,4554.866,5532
2026.05.05,20:00,4554.919,4559.991,4553.889,4556.379,3723
2026.05.05,22:00,4554.943,4577.302,4546.240,4573.154,6726
2026.05.05,23:00,4573.235,4595.859,4569.648,4593.850,9169
2026.05.06,00:00,4593.722,4620.103,4588.052,4618.685,12892
2026.05.06,01:00,4618.623,4628.656,4609.429,4625.976,15221
2026.05.06,02:00,4625.920,4642.064,4625.224,4640.798,9385
2026.05.06,03:00,4640.649,4652.226,4638.463,4643.955,8846
2026.05.06,04:00,4643.882,4653.757,4643.429,4648.831,8168
2026.05.06,05:00,4649.188,4663.947,4644.476,4662.759,9289
2026.05.06,06:00,4662.823,4669.693,4656.982,4669.165,9940
2026.05.06,07:00,4669.236,4681.861,4657.583,4681.604,9932
2026.05.06,08:00,4681.375,4702.815,4671.437,4699.845,15239
2026.05.06,09:00,4699.904,4708.533,4688.778,4701.649,16721
2026.05.06,10:00,4701.717,4723.061,4695.272,4717.820,14668
2026.05.06,11:00,4717.747,4721.075,4690.766,4691.955,15436
2026.05.06,12:00,4692.188,4693.221,4660.172,4683.285,20356
2026.05.06,13:00,4683.363,4707.872,4668.596,4702.436,25118
2026.05.06,14:00,4702.232,4717.495,4697.436,4702.892,19992
2026.05.06,15:00,4702.835,4705.908,4687.688,4687.901,12744
2026.05.06,16:00,4687.853,4691.981,4679.375,4683.004,11156
2026.05.06,17:00,4682.845,4688.094,4678.770,4683.905,9051
2026.05.06,18:00,4684.215,4690.649,4681.899,4686.186,6467
2026.05.06,19:00,4686.255,4700.254,4685.907,4692.241,6965
2026.05.06,20:00,4692.596,4699.641,4685.055,4690.880,4999
2026.05.06,22:00,4693.173,4699.807,4689.285,4695.095,4418
2026.05.06,23:00,4695.033,4699.678,4690.073,4699.033,4476
2026.05.07,00:00,4699.013,4701.322,4685.450,4688.539,12255
2026.05.07,01:00,4688.599,4721.432,4685.158,4714.974,15229
2026.05.07,02:00,4714.937,4718.524,4699.742,4707.099,10729
2026.05.07,03:00,4707.328,4710.008,4698.879,4699.302,6728
2026.05.07,04:00,4699.240,4700.990,4692.146,4696.242,7579
2026.05.07,05:00,4696.551,4706.640,4694.743,4701.243,7694
2026.05.07,06:00,4701.300,4750.334,4701.259,4739.256,14169
2026.05.07,07:00,4739.316,4750.783,4731.441,4743.259,15423
2026.05.07,08:00,4743.336,4753.475,4730.861,4731.332,12259
2026.05.07,09:00,4731.400,4739.475,4721.532,4729.120,9943
2026.05.07,10:00,4729.050,4739.782,4726.589,4735.804,8404
2026.05.07,11:00,4735.877,4743.747,4727.128,4742.585,9402
2026.05.07,12:00,4742.919,4752.843,4733.208,4749.902,13066
2026.05.07,13:00,4749.982,4758.234,4731.046,4746.160,20558
2026.05.07,14:00,4746.215,4763.470,4740.820,4762.519,17042
2026.05.07,15:00,4762.581,4764.848,4726.120,4729.395,18882
2026.05.07,16:00,4729.330,4729.851,4704.322,4714.836,21478
2026.05.07,17:00,4714.894,4719.567,4687.446,4711.415,27623
2026.05.07,18:00,4711.356,4716.207,4695.554,4709.593,18439
2026.05.07,19:00,4709.661,4713.089,4697.692,4703.154,15258
2026.05.07,20:00,4703.216,4719.247,4686.338,4688.556,12404
2026.05.07,22:00,4688.955,4699.260,4681.779,4686.031,7914
2026.05.07,23:00,4685.895,4705.626,4684.443,4704.113,5201
2026.05.08,00:00,4704.045,4709.422,4693.885,4701.223,11736
2026.05.08,01:00,4701.151,4725.578,4700.537,4722.707,14778
2026.05.08,02:00,4722.764,4732.889,4707.017,4713.433,13110
2026.05.08,03:00,4713.376,4730.882,4710.978,4719.760,9157
2026.05.08,04:00,4719.818,4723.101,4708.729,4711.178,7562
2026.05.08,05:00,4711.258,4731.409,4709.576,4727.730,9496
2026.05.08,06:00,4727.334,4734.656,4712.789,4725.510,13317
2026.05.08,07:00,4725.592,4726.608,4697.036,4708.096,15758
2026.05.08,08:00,4708.098,4723.527,4706.697,4715.915,10083
2026.05.08,09:00,4715.928,4722.934,4707.407,4711.761,9302
2026.05.08,10:00,4711.701,4728.088,4711.163,4719.600,8162
2026.05.08,11:00,4719.671,4727.403,4713.729,4717.825,8431
2026.05.08,12:00,4717.603,4732.126,4702.483,4724.201,18173
2026.05.08,13:00,4724.138,4747.742,4716.376,4747.742,21615
2026.05.08,14:00,4748.061,4749.686,4713.192,4715.764,22085
2026.05.08,15:00,4715.705,4721.027,4701.802,4707.207,18122
2026.05.08,16:00,4706.985,4720.145,4705.559,4712.263,9335
2026.05.08,17:00,4712.200,4722.852,4712.200,4720.694,7309
2026.05.08,18:00,4720.815,4729.115,4719.847,4722.089,7327
2026.05.08,19:00,4722.003,4726.980,4721.033,4723.838,5855
2026.05.08,20:00,4723.907,4724.397,4714.394,4715.114,4521
2026.05.10,22:01,4692.053,4696.267,4679.174,4693.678,7706
2026.05.10,23:01,4693.673,4698.671,4688.815,4691.738,5500
2026.05.11,00:00,4691.681,4693.303,4670.048,4683.465,16227
2026.05.11,01:00,4683.505,4705.458,4674.502,4685.871,24171
2026.05.11,02:00,4685.797,4700.187,4676.598,4681.575,14668
2026.05.11,03:00,4681.497,4690.556,4674.827,4678.874,9610
2026.05.11,04:00,4678.580,4679.737,4668.472,4672.212,8167
2026.05.11,05:00,4672.183,4680.633,4648.203,4652.453,13244
2026.05.11,06:00,4652.511,4680.559,4649.274,4678.242,13326
2026.05.11,07:00,4678.316,4680.264,4664.527,4667.652,9756
2026.05.11,08:00,4667.828,4678.662,4664.087,4667.654,9719
2026.05.11,09:00,4667.729,4669.922,4650.424,4656.836,9411
2026.05.11,10:00,4656.757,4667.421,4656.123,4663.997,7857
2026.05.11,11:00,4663.761,4677.364,4663.761,4674.376,8173
2026.05.11,12:00,4674.419,4701.231,4667.388,4700.110,17832
2026.05.11,13:00,4699.794,4748.682,4698.474,4736.223,25702
2026.05.11,14:00,4736.368,4738.731,4715.273,4725.713,19048
2026.05.11,15:00,4725.648,4738.318,4722.769,4731.890,11861
2026.05.11,16:00,4732.332,4733.638,4707.830,4716.334,11770
2026.05.11,17:00,4716.258,4724.615,4715.833,4723.509,7345
2026.05.11,18:00,4723.570,4729.504,4720.764,4725.097,6269
2026.05.11,19:00,4725.164,4736.470,4722.340,4733.331,6334
2026.05.11,20:00,4733.388,4738.611,4729.859,4735.231,4250
2026.05.11,22:00,4739.567,4755.114,4737.564,4751.021,5004
2026.05.11,23:00,4750.844,4770.077,4745.939,4767.647,6726
2026.05.12,00:00,4767.565,4773.650,4748.363,4749.400,14480
2026.05.12,01:00,4749.465,4755.477,4720.101,4727.260,21908
2026.05.12,02:00,4727.193,4733.893,4722.148,4729.902,13360
2026.05.12,03:00,4730.139,4732.979,4717.988,4720.353,8948
2026.05.12,04:00,4720.037,4730.445,4710.941,4714.284,8126
2026.05.12,05:00,4713.924,4722.011,4708.812,4714.468,12479
2026.05.12,06:00,4714.092,4714.475,4694.271,4696.860,14532
2026.05.12,07:00,4696.793,4703.900,4686.555,4699.983,11303
2026.05.12,08:00,4699.920,4706.643,4696.889,4703.601,9016
2026.05.12,09:00,4703.543,4705.350,4694.269,4699.331,8982
2026.05.12,10:00,4699.426,4708.593,4685.120,4694.352,9896
2026.05.12,11:00,4694.607,4709.427,4686.999,4706.790,10334
2026.05.12,12:00,4706.859,4711.735,4689.467,4705.574,16043
2026.05.12,13:00,4705.791,4709.048,4676.827,4679.471,23958
2026.05.12,14:00,4679.405,4695.141,4669.195,4673.044,21926
2026.05.12,15:00,4672.978,4675.999,4638.054,4666.228,23069
2026.05.12,16:00,4665.992,4675.183,4664.140,4670.992,10515
2026.05.12,17:00,4671.050,4682.494,4671.050,4678.985,9120
2026.05.12,18:00,4679.042,4698.296,4676.278,4695.868,9658
2026.05.12,19:00,4696.169,4715.932,4696.169,4715.836,7263
2026.05.12,20:00,4715.779,4719.545,4712.247,4715.217,4682
2026.05.12,22:00,4717.030,4722.462,4711.562,4717.112,4989
2026.05.12,23:00,4717.050,4723.829,4715.198,4716.750,6438
2026.05.13,00:00,4717.140,4727.117,4713.742,4714.707,11743
2026.05.13,01:00,4714.469,4717.075,4701.079,4702.641,14487
2026.05.13,02:00,4702.562,4707.472,4687.529,4692.013,10371
2026.05.13,03:00,4691.949,4705.929,4688.976,4696.147,7812
2026.05.13,04:00,4696.101,4703.478,4695.523,4699.401,6245
2026.05.13,05:00,4699.635,4707.446,4693.506,4703.893,9824
2026.05.13,06:00,4704.220,4715.210,4699.123,4701.851,10206
2026.05.13,07:00,4701.618,4708.945,4696.549,4703.001,9003
2026.05.13,08:00,4702.941,4704.383,4694.565,4700.750,8127
2026.05.13,09:00,4700.824,4701.922,4685.886,4700.750,8557
2026.05.13,10:00,4700.814,4710.581,4693.745,4694.134,8539
2026.05.13,11:00,4694.315,4705.357,4691.379,4697.547,8426
2026.05.13,12:00,4697.494,4701.526,4676.136,4683.903,16479
2026.05.13,13:00,4683.842,4694.691,4669.435,4679.492,17973
2026.05.13,14:00,4679.551,4690.835,4672.647,4679.947,15344
2026.05.13,15:00,4680.005,4700.253,4678.781,4695.356,11174
2026.05.13,16:00,4695.734,4709.891,4694.831,4695.788,10063
2026.05.13,17:00,4695.844,4701.404,4684.615,4685.696,8280
2026.05.13,18:00,4685.764,4694.026,4677.423,4684.813,7736
2026.05.13,19:00,4684.870,4690.606,4683.233,4688.118,6116
2026.05.13,20:00,4688.217,4693.618,4685.881,4688.877,3783
2026.05.13,22:00,4691.749,4700.724,4688.946,4700.271,3778
2026.05.13,23:00,4700.207,4702.337,4693.175,4696.745,3874
2026.05.14,00:00,4696.379,4706.947,4689.520,4705.188,9755
2026.05.14,01:00,4705.109,4707.073,4683.506,4688.899,20081
2026.05.14,02:00,4688.668,4699.589,4679.878,4686.511,12275
2026.05.14,03:00,4686.598,4693.405,4673.903,4674.860,11330
2026.05.14,04:00,4674.946,4712.884,4667.995,4702.584,11415
2026.05.14,05:00,4702.655,4704.326,4689.227,4689.970,11213
2026.05.14,06:00,4689.938,4702.367,4685.995,4700.109,10356
2026.05.14,07:00,4700.022,4718.953,4690.559,4693.273,13196
2026.05.14,08:00,4693.336,4706.476,4691.882,4693.449,10322
2026.05.14,09:00,4693.520,4702.453,4688.501,4699.358,9497
2026.05.14,10:00,4699.432,4705.374,4691.109,4696.781,9050
2026.05.14,11:00,4696.848,4704.849,4689.277,4694.195,8914
2026.05.14,12:00,4694.123,4710.012,4692.255,4704.954,12597
2026.05.14,13:00,4704.692,4707.840,4666.541,4679.766,25545
2026.05.14,14:00,4679.705,4701.072,4677.649,4679.694,18153
2026.05.14,15:00,4679.638,4689.418,4676.886,4686.040,11020
2026.05.14,16:00,4685.685,4687.016,4670.245,4678.692,9426
2026.05.14,17:00,4678.749,4683.084,4676.324,4678.384,7787
2026.05.14,18:00,4678.441,4678.585,4666.856,4671.475,7586
2026.05.14,19:00,4671.533,4671.941,4652.991,4654.093,7901
2026.05.14,20:00,4654.168,4657.412,4644.363,4651.402,5375
2026.05.14,22:00,4651.852,4662.822,4646.968,4662.260,4785
2026.05.14,23:00,4662.496,4665.460,4646.662,4652.090,7053
2026.05.15,00:00,4652.406,4658.230,4613.326,4630.024,22073
2026.05.15,01:00,4629.964,4631.497,4607.147,4613.972,31538
2026.05.15,02:00,4614.049,4623.414,4609.262,4618.286,16448
2026.05.15,03:00,4618.192,4622.147,4607.586,4615.581,10139
2026.05.15,04:00,4615.640,4621.801,4604.389,4605.944,9270
2026.05.15,05:00,4606.057,4606.647,4556.667,4558.552,27416
2026.05.15,06:00,4558.868,4580.591,4556.233,4570.029,22835
2026.05.15,07:00,4570.089,4588.724,4565.821,4570.872,16630
2026.05.15,08:00,4570.675,4572.070,4549.899,4554.563,18518
2026.05.15,09:00,4554.390,4563.699,4531.998,4545.922,19284
2026.05.15,10:00,4545.848,4572.612,4544.007,4566.282,18903
2026.05.15,11:00,4566.214,4570.316,4549.763,4552.145,14306
2026.05.15,12:00,4552.114,4558.980,4543.706,4546.116,16631
2026.05.15,13:00,4546.025,4557.766,4511.262,4533.606,33678
2026.05.15,14:00,4533.548,4566.626,4525.429,4562.831,31829
2026.05.15,15:00,4562.899,4563.727,4533.691,4539.894,19858
2026.05.15,16:00,4539.953,4548.101,4529.313,4544.557,12177
2026.05.15,17:00,4544.345,4564.491,4543.306,4559.641,11331
2026.05.15,18:00,4559.705,4563.142,4552.348,4559.438,8110
2026.05.15,19:00,4559.199,4560.265,4544.826,4545.998,7791
2026.05.15,20:00,4545.934,4546.503,4533.015,4539.507,7443
2026.05.17,22:01,4538.432,4554.862,4538.138,4544.675,8671
2026.05.17,23:01,4544.662,4547.683,4532.082,4536.953,10654
2026.05.18,00:00,4537.021,4542.682,4480.321,4515.826,36397
2026.05.18,01:00,4515.760,4535.702,4489.526,4525.583,42181
2026.05.18,02:00,4525.523,4543.056,4521.940,4533.577,19061
2026.05.18,03:00,4533.636,4548.093,4525.334,4541.091,17305
2026.05.18,04:00,4541.218,4550.033,4530.100,4540.468,14760
2026.05.18,05:00,4540.542,4552.229,4530.049,4531.018,18426
2026.05.18,06:00,4531.062,4548.327,4529.656,4546.598,17468
2026.05.18,07:00,4546.667,4560.101,4538.277,4546.126,16274
2026.05.18,08:00,4546.071,4556.999,4542.400,4550.096,11051
2026.05.18,09:00,4550.038,4552.114,4540.020,4543.176,9910
2026.05.18,10:00,4542.868,4547.829,4532.085,4540.106,10182
2026.05.18,11:00,4540.336,4567.253,4529.767,4550.747,23135
2026.05.18,12:00,4550.813,4574.975,4545.156,4571.147,21557
2026.05.18,13:00,4571.228,4584.440,4561.679,4575.799,27242
2026.05.18,14:00,4575.727,4575.727,4537.828,4546.364,29398
2026.05.18,15:00,4546.455,4548.025,4531.565,4543.735,21951
2026.05.18,16:00,4543.794,4554.564,4534.020,4550.281,14168
2026.05.18,17:00,4550.223,4558.270,4545.506,4546.892,9164
2026.05.18,18:00,4547.143,4547.916,4534.172,4535.636,8825
2026.05.18,19:00,4535.702,4565.017,4535.203,4558.485,22015
2026.05.18,20:00,4558.542,4566.825,4557.742,4566.356,5261
2026.05.18,22:00,4570.460,4578.226,4567.382,4573.738,4264
2026.05.18,23:00,4573.972,4588.976,4573.645,4581.624,5527
2026.05.19,00:00,4581.982,4589.441,4561.134,4563.445,15937
2026.05.19,01:00,4563.363,4572.376,4553.943,4563.721,18877
2026.05.19,02:00,4563.662,4563.687,4546.018,4547.251,14933
2026.05.19,03:00,4547.207,4554.973,4543.537,4545.099,10396
2026.05.19,04:00,4545.043,4545.811,4538.106,4542.311,9163
2026.05.19,05:00,4542.419,4546.517,4530.713,4540.970,15111
2026.05.19,06:00,4541.048,4553.762,4533.501,4547.944,14165
2026.05.19,07:00,4547.999,4559.344,4541.420,4557.004,13353
2026.05.19,08:00,4557.077,4559.219,4536.268,4542.914,11293
2026.05.19,09:00,4542.854,4546.926,4536.002,4541.953,11444
2026.05.19,10:00,4541.892,4544.827,4525.517,4544.827,12947
2026.05.19,11:00,4544.763,4547.965,4529.713,4530.841,11987
2026.05.19,12:00,4530.896,4547.153,4527.309,4537.236,13293
2026.05.19,13:00,4537.290,4537.511,4464.429,4503.525,48129
2026.05.19,14:00,4503.671,4514.350,4484.342,4493.972,37486
2026.05.19,15:00,4493.917,4509.129,4489.680,4508.285,19687
2026.05.19,16:00,4508.642,4512.542,4496.118,4507.604,10479
2026.05.19,17:00,4507.805,4511.133,4498.973,4500.924,8896
2026.05.19,18:00,4500.772,4503.833,4490.230,4493.773,8555
2026.05.19,19:00,4493.719,4497.716,4481.073,4483.458,8251
2026.05.19,20:00,4483.225,4488.034,4480.795,4482.058,4850
2026.05.19,22:00,4481.968,4486.007,4477.396,4484.216,4933
2026.05.19,23:00,4484.140,4496.394,4480.095,4489.508,6503
2026.05.20,00:00,4489.452,4509.077,4479.653,4500.846,21946
2026.05.20,01:00,4500.908,4506.259,4456.118,4481.255,30608
2026.05.20,02:00,4481.352,4487.039,4458.541,4465.216,21528
2026.05.20,03:00,4465.149,4467.461,4453.455,4463.598,15926
2026.05.20,04:00,4463.543,4470.583,4456.537,4462.050,11275
2026.05.20,05:00,4461.995,4478.955,4461.631,4472.588,14565
2026.05.20,06:00,4472.481,4478.591,4461.368,4474.119,17353
2026.05.20,07:00,4474.058,4486.109,4471.989,4478.647,13720
2026.05.20,08:00,4478.451,4490.333,4476.698,4484.193,14754
2026.05.20,09:00,4483.924,4491.276,4472.711,4485.065,10043
2026.05.20,10:00,4485.005,4497.239,4484.563,4494.567,8752
2026.05.20,11:00,4494.466,4501.242,4490.789,4498.952,9251
2026.05.20,12:00,4498.887,4505.432,4492.946,4496.080,11361
2026.05.20,13:00,4496.196,4506.077,4481.907,4483.244,22164
2026.05.20,14:00,4483.301,4537.329,4467.070,4531.155,46940
2026.05.20,15:00,4531.405,4553.056,4523.313,4529.233,31253
2026.05.20,16:00,4529.293,4535.694,4523.971,4534.354,12205
2026.05.20,17:00,4534.409,4538.448,4529.736,4531.168,9824
2026.05.20,18:00,4531.270,4545.078,4529.399,4542.495,7850
2026.05.20,19:00,4542.551,4550.483,4541.528,4545.907,7022
2026.05.20,20:00,4545.852,4550.532,4542.076,4543.968,6295
2026.05.20,22:00,4547.762,4547.831,4535.225,4540.284,6034
2026.05.20,23:00,4540.251,4547.011,4534.791,4546.377,5198
2026.05.21,00:00,4546.428,4553.455,4537.119,4545.400,13442
2026.05.21,01:00,4545.461,4571.074,4539.862,4561.197,18603
2026.05.21,02:00,4561.257,4564.823,4531.369,4533.305,14578
2026.05.21,03:00,4533.249,4540.098,4527.167,4528.121,9005
2026.05.21,04:00,4528.359,4540.435,4527.164,4538.295,6771
2026.05.21,05:00,4538.470,4540.420,4518.206,4528.095,12729
2026.05.21,06:00,4528.013,4539.701,4518.718,4521.414,14385
2026.05.21,07:00,4521.345,4524.330,4511.644,4519.798,11272
2026.05.21,08:00,4519.917,4536.922,4518.374,4532.336,14304
2026.05.21,09:00,4532.281,4543.072,4528.139,4530.812,11135
2026.05.21,10:00,4530.459,4535.264,4504.827,4511.775,24495
2026.05.21,11:00,4511.854,4521.407,4507.957,4513.974,12944
2026.05.21,12:00,4514.054,4519.175,4501.974,4503.981,17259
2026.05.21,13:00,4503.906,4520.951,4488.449,4513.391,30878
2026.05.21,14:00,4513.259,4515.251,4498.214,4508.667,25111
2026.05.21,15:00,4508.587,4515.776,4496.613,4511.736,19267
2026.05.21,16:00,4512.087,4520.583,4512.087,4519.343,11913
2026.05.21,17:00,4519.411,4559.375,4514.112,4551.592,28090
2026.05.21,18:00,4551.528,4556.190,4527.366,4531.761,21081
2026.05.21,19:00,4531.820,4543.760,4529.653,4542.961,11937
2026.05.21,20:00,4542.905,4544.905,4539.737,4542.761,4429
2026.05.21,22:00,4543.275,4546.058,4539.710,4543.516,3778
2026.05.21,23:00,4543.166,4545.256,4532.467,4535.355,4573
2026.05.22,00:00,4535.414,4541.142,4525.756,4526.958,10422
2026.05.22,01:00,4526.653,4536.442,4520.880,4526.206,16330
2026.05.22,02:00,4526.144,4529.455,4518.438,4522.882,9908
2026.05.22,03:00,4522.939,4530.006,4519.170,4529.360,7680
2026.05.22,04:00,4529.417,4533.153,4525.447,4527.341,6024
2026.05.22,05:00,4527.395,4534.299,4507.234,4511.212,11023
2026.05.22,06:00,4511.334,4528.864,4510.128,4526.753,13294
2026.05.22,07:00,4526.646,4527.454,4516.083,4521.816,9481
2026.05.22,08:00,4521.936,4531.142,4516.975,4521.877,11026
2026.05.22,09:00,4522.039,4536.139,4514.974,4532.383,9627
2026.05.22,10:00,4532.439,4536.907,4510.115,4514.538,10388
2026.05.22,11:00,4514.766,4525.164,4511.432,4520.775,8470
2026.05.22,12:00,4520.696,4535.932,4515.163,4528.111,16271
2026.05.22,13:00,4528.040,4534.464,4510.284,4513.712,22184
2026.05.22,14:00,4513.843,4513.843,4491.601,4500.768,24254
2026.05.22,15:00,4500.825,4522.398,4500.229,4520.212,12339
2026.05.22,16:00,4520.156,4526.925,4512.249,4515.089,9198
2026.05.22,17:00,4514.857,4528.054,4513.258,4519.338,12090
2026.05.22,18:00,4519.393,4520.433,4511.579,4515.262,7173
2026.05.22,19:00,4515.338,4515.851,4504.313,4508.419,8734
2026.05.22,20:00,4508.363,4510.338,4504.382,4508.008,5233
2026.05.24,22:01,4545.472,4568.634,4543.419,4567.214,9662
2026.05.24,23:01,4567.290,4580.056,4565.744,4567.239,6177
2026.05.25,00:00,4567.182,4579.830,4565.995,4569.305,11271
2026.05.25,01:00,4569.234,4576.443,4560.176,4562.973,16071
2026.05.25,02:00,4562.624,4570.351,4558.858,4561.222,10031
2026.05.25,03:00,4561.556,4564.368,4556.591,4559.627,7963
2026.05.25,04:00,4559.848,4566.100,4559.279,4564.744,6013
2026.05.25,05:00,4564.689,4566.226,4552.007,4553.675,7752
2026.05.25,06:00,4553.619,4563.399,4550.313,4562.348,8261
2026.05.25,07:00,4562.404,4565.322,4552.405,4564.636,9863
2026.05.25,08:00,4564.779,4565.110,4553.303,4556.287,6296
2026.05.25,09:00,4555.981,4569.059,4554.908,4567.496,5780
2026.05.25,10:00,4567.559,4573.684,4567.461,4568.814,5826
2026.05.25,11:00,4568.874,4577.161,4567.553,4569.336,5918
2026.05.25,12:00,4569.526,4570.032,4552.717,4567.848,10046
2026.05.25,13:00,4567.903,4571.471,4560.050,4563.361,8124
2026.05.25,14:00,4563.065,4570.506,4562.317,4567.031,6765
2026.05.25,15:00,4566.750,4574.638,4565.578,4571.013,7827
2026.05.25,16:00,4571.057,4574.451,4567.881,4573.390,4606
2026.05.25,17:00,4573.619,4578.187,4563.145,4565.258,5218
2026.05.25,18:00,4565.261,4571.293,4564.408,4570.628,2252
2026.05.25,22:01,4571.482,4576.612,4569.561,4575.562,4389
2026.05.25,23:01,4575.300,4580.272,4555.047,4559.750,6854
2026.05.26,00:00,4559.520,4560.004,4539.540,4549.459,14329
2026.05.26,01:00,4549.535,4550.252,4527.766,4536.866,16521
2026.05.26,02:00,4536.810,4539.613,4529.929,4532.467,7598
2026.05.26,03:00,4532.410,4545.433,4531.971,4542.493,6065
2026.05.26,04:00,4542.154,4543.164,4523.408,4525.646,6673
2026.05.26,05:00,4525.580,4535.015,4522.908,4527.310,8718
2026.05.26,06:00,4527.222,4536.348,4526.970,4531.156,9308
2026.05.26,07:00,4531.216,4539.086,4521.577,4538.079,12072
2026.05.26,08:00,4538.164,4538.836,4519.926,4523.579,9648
2026.05.26,09:00,4523.955,4526.480,4512.086,4522.596,10119
2026.05.26,10:00,4522.665,4540.696,4519.340,4534.620,11056
2026.05.26,11:00,4534.721,4536.455,4503.509,4507.227,15963
2026.05.26,12:00,4506.992,4523.816,4500.565,4520.259,16510
2026.05.26,13:00,4520.199,4531.411,4512.433,4514.263,19151
2026.05.26,14:00,4514.244,4525.058,4507.786,4515.215,14245
2026.05.26,15:00,4515.271,4515.615,4502.178,4506.643,14593
2026.05.26,16:00,4506.715,4511.468,4499.555,4505.070,8890
2026.05.26,17:00,4505.031,4507.603,4489.809,4491.265,8291
2026.05.26,18:00,4491.209,4499.696,4482.268,4499.111,7971
2026.05.26,19:00,4499.485,4509.837,4497.548,4508.818,6323
2026.05.26,20:00,4509.055,4510.713,4504.038,4507.184,3968
2026.05.26,22:00,4508.195,4512.530,4497.926,4511.145,8354
2026.05.26,23:00,4510.796,4527.998,4504.396,4519.790,6844
2026.05.27,00:00,4519.730,4525.788,4513.863,4515.148,9646
2026.05.27,01:00,4515.231,4521.129,4506.826,4508.104,11791
2026.05.27,02:00,4507.928,4509.786,4497.977,4505.615,8600
2026.05.27,03:00,4505.580,4511.945,4496.683,4496.991,6500
2026.05.27,04:00,4497.191,4517.226,4495.791,4510.147,7061
2026.05.27,05:00,4510.360,4513.890,4491.659,4497.612,14295
2026.05.27,06:00,4497.429,4499.312,4479.829,4485.240,14213
2026.05.27,07:00,4485.449,4489.062,4475.783,4482.141,10483
2026.05.27,08:00,4481.875,4498.660,4481.022,4497.706,8983
2026.05.27,09:00,4497.640,4497.640,4487.068,4490.367,7075
2026.05.27,10:00,4490.243,4490.853,4442.581,4445.937,18662
2026.05.27,11:00,4446.016,4453.205,4424.756,4428.726,17909
2026.05.27,12:00,4428.661,4466.730,4427.339,4438.731,27464
2026.05.27,13:00,4438.710,4439.193,4401.242,4427.223,39295
2026.05.27,14:00,4427.282,4455.639,4425.996,4434.120,26706
2026.05.27,15:00,4434.069,4441.394,4427.984,4436.355,13505
2026.05.27,16:00,4436.410,4453.193,4434.059,4450.910,8052
2026.05.27,17:00,4450.639,4454.481,4441.490,4450.535,8653
2026.05.27,18:00,4450.451,4458.258,4447.799,4454.528,5401
2026.05.27,19:00,4454.222,4454.919,4448.822,4451.082,5365
2026.05.27,20:00,4450.845,4458.948,4450.182,4456.215,3385
2026.05.27,22:00,4462.496,4465.432,4455.250,4457.312,4425
2026.05.27,23:00,4457.195,4457.572,4443.759,4447.197,5884
2026.05.28,00:00,4447.255,4457.886,4443.302,4456.909,11218
2026.05.28,01:00,4456.849,4458.963,4406.807,4409.838,20881
2026.05.28,02:00,4409.893,4412.800,4392.551,4394.496,15512
2026.05.28,03:00,4394.231,4397.771,4368.333,4374.927,17101
2026.05.28,04:00,4374.606,4382.052,4366.288,4372.925,13556
2026.05.28,05:00,4373.276,4395.792,4367.044,4388.127,14760
2026.05.28,06:00,4388.186,4390.714,4374.233,4383.503,11949
2026.05.28,07:00,4383.753,4396.516,4382.762,4387.623,10745
2026.05.28,08:00,4387.342,4395.093,4385.814,4387.130,9599
2026.05.28,09:00,4387.008,4398.970,4386.386,4393.718,9346
2026.05.28,10:00,4393.792,4404.259,4374.983,4383.157,11732
2026.05.28,11:00,4382.895,4390.586,4380.702,4387.644,10833
2026.05.28,12:00,4387.736,4433.973,4379.519,4432.018,16326
2026.05.28,13:00,4432.075,4439.213,4418.174,4430.379,24386
2026.05.28,14:00,4430.297,4480.575,4420.854,4469.173,46602
2026.05.28,15:00,4469.245,4485.006,4468.540,4482.118,16242
2026.05.28,16:00,4482.485,4510.970,4477.633,4510.838,13867
2026.05.28,17:00,4510.840,4514.722,4500.853,4508.758,8759
2026.05.28,18:00,4508.791,4516.644,4498.498,4501.167,8353
2026.05.28,19:00,4501.225,4503.812,4497.353,4498.084,6262
2026.05.28,20:00,4498.015,4500.761,4494.816,4496.538,4411
2026.05.28,22:00,4497.260,4499.363,4490.808,4491.151,3778
2026.05.28,23:00,4491.207,4496.986,4489.239,4495.244,5161
2026.05.29,00:00,4495.176,4500.743,4491.954,4496.022,10153
2026.05.29,01:00,4496.082,4520.855,4492.251,4506.621,15507
2026.05.29,02:00,4506.267,4511.323,4498.448,4501.652,9302
2026.05.29,03:00,4501.717,4502.201,4494.738,4501.469,8679
2026.05.29,04:00,4501.109,4514.884,4500.919,4514.020,7049
2026.05.29,05:00,4514.159,4515.951,4502.655,4514.755,8349
2026.05.29,06:00,4515.107,4524.223,4509.833,4523.579,12269
2026.05.29,07:00,4523.810,4526.238,4510.795,4524.543,10097
2026.05.29,08:00,4524.687,4524.897,4509.934,4514.758,8756
2026.05.29,09:00,4514.832,4539.873,4513.220,4531.249,10198
2026.05.29,10:00,4531.253,4543.474,4525.388,4538.430,8805
2026.05.29,11:00,4538.656,4540.587,4525.845,4538.255,9876
2026.05.29,12:00,4538.320,4538.588,4512.565,4522.899,12994
2026.05.29,13:00,4522.957,4540.886,4515.133,4536.881,17798
2026.05.29,14:00,4536.958,4570.481,4525.177,4564.347,31180
2026.05.29,15:00,4564.292,4595.245,4557.791,4571.259,30791
2026.05.29,16:00,4571.324,4573.550,4559.705,4566.818,12115
2026.05.29,17:00,4566.878,4568.640,4551.501,4553.331,8616
2026.05.29,18:00,4553.661,4561.696,4550.724,4553.472,8170
2026.05.29,19:00,4553.411,4560.006,4542.855,4545.705,7373
2026.05.29,20:00,4545.649,4549.058,4539.435,4540.419,5267
2026.05.31,22:01,4521.301,4540.256,4518.426,4536.450,7210
2026.05.31,23:01,4536.366,4545.796,4535.489,4539.698,6067
2026.06.01,00:00,4539.759,4546.215,4535.269,4540.659,10175
2026.06.01,01:00,4540.603,4541.388,4523.582,4525.669,13820
2026.06.01,02:00,4525.643,4534.750,4521.067,4521.573,9728
2026.06.01,03:00,4521.512,4525.473,4509.840,4516.194,9016
2026.06.01,04:00,4516.151,4519.531,4508.309,4514.576,6221
2026.06.01,05:00,4514.632,4525.261,4512.535,4518.389,8719
2026.06.01,06:00,4518.329,4518.791,4500.161,4501.790,11853
2026.06.01,07:00,4501.431,4510.000,4492.453,4503.271,10238
2026.06.01,08:00,4502.891,4504.533,4490.535,4497.884,10054
2026.06.01,09:00,4497.887,4506.246,4489.237,4496.174,9560
2026.06.01,10:00,4495.948,4511.070,4495.948,4503.825,7711
2026.06.01,11:00,4504.061,4513.005,4499.769,4505.732,7802
2026.06.01,12:00,4505.676,4510.596,4497.427,4502.429,12040
2026.06.01,13:00,4502.196,4503.932,4448.476,4450.037,42026
2026.06.01,14:00,4450.232,4464.976,4447.614,4458.712,20215
2026.06.01,15:00,4458.616,4479.882,4455.202,4474.169,15249
2026.06.01,16:00,4474.245,4482.227,4462.865,4479.955,9773
2026.06.01,17:00,4479.886,4495.505,4471.475,4487.658,12119
2026.06.01,18:00,4487.667,4490.234,4484.724,4486.823,5061
2026.06.01,19:00,4486.764,4488.375,4479.083,4481.284,5508
2026.06.01,20:00,4481.045,4486.020,4480.165,4484.187,3896
2026.06.01,22:00,4486.670,4487.019,4479.790,4485.485,3381
2026.06.01,23:00,4485.428,4488.351,4479.260,4484.331,4374
2026.06.02,00:00,4484.561,4497.238,4476.572,4481.254,11680
2026.06.02,01:00,4481.199,4492.567,4462.925,4474.300,21030
2026.06.02,02:00,4473.943,4486.683,4472.078,4485.845,11255
2026.06.02,03:00,4485.907,4499.618,4485.618,4499.165,9523
2026.06.02,04:00,4499.157,4518.391,4497.680,4517.251,8001
2026.06.02,05:00,4517.196,4528.336,4515.094,4517.159,10578
2026.06.02,06:00,4517.100,4538.594,4516.876,4535.551,10824
2026.06.02,07:00,4535.467,4541.652,4527.759,4534.947,8873
2026.06.02,08:00,4534.891,4539.343,4525.872,4526.899,8311
2026.06.02,09:00,4526.810,4535.853,4521.274,4529.687,8304
2026.06.02,10:00,4529.958,4533.961,4524.744,4532.973,6004
2026.06.02,11:00,4533.035,4534.725,4525.470,4527.659,6013
2026.06.02,12:00,4527.716,4534.196,4513.427,4514.855,10727
2026.06.02,13:00,4514.910,4524.994,4502.964,4502.964,17021
2026.06.02,14:00,4502.901,4507.088,4490.110,4503.950,14296
2026.06.02,15:00,4504.005,4508.591,4500.048,4502.214,10267
2026.06.02,16:00,4502.229,4502.978,4486.282,4491.710,8432
2026.06.02,17:00,4491.771,4493.244,4482.173,4484.522,7767
2026.06.02,18:00,4484.876,4490.804,4478.688,4487.431,6387
2026.06.02,19:00,4487.397,4490.394,4483.602,4487.942,5127
2026.06.02,20:00,4487.883,4491.136,4486.215,4488.423,3409
2026.06.02,22:00,4490.481,4493.207,4484.457,4485.110,5073
2026.06.02,23:00,4485.047,4488.612,4462.097,4474.241,11243
2026.06.03,00:00,4474.169,4496.820,4473.633,4486.256,9358
2026.06.03,01:00,4486.196,4487.622,4463.244,4475.647,16773
2026.06.03,02:00,4475.633,4485.263,4472.683,4481.887,9281
2026.06.03,03:00,4481.779,4487.703,4481.779,4484.233,6644
2026.06.03,04:00,4484.583,4488.350,4468.292,4469.540,6143
2026.06.03,05:00,4469.306,4474.231,4456.525,4457.154,10379
2026.06.03,06:00,4456.899,4471.014,4455.243,4462.872,13028
2026.06.03,07:00,4462.802,4472.283,4452.786,4453.387,11208
2026.06.03,08:00,4453.448,4459.127,4440.156,4443.842,11335
2026.06.03,09:00,4443.778,4459.091,4438.932,4443.103,10292
2026.06.03,10:00,4442.880,4466.865,4440.845,4458.787,14955
2026.06.03,11:00,4458.851,4467.895,4458.498,4462.606,8608
2026.06.03,12:00,4462.661,4467.339,4448.218,4460.536,13832
2026.06.03,13:00,4460.239,4466.034,4426.186,4445.937,23336
2026.06.03,14:00,4446.168,4459.748,4442.462,4457.300,20174
2026.06.03,15:00,4457.060,4458.423,4436.643,4442.037,15175
2026.06.03,16:00,4441.978,4443.864,4433.671,4441.699,9791
2026.06.03,17:00,4441.769,4448.476,4435.629,4439.085,7629
2026.06.03,18:00,4439.072,4442.993,4434.554,4442.002,6003
2026.06.03,19:00,4441.948,4452.233,4441.321,4443.833,6746
2026.06.03,20:00,4443.980,4445.280,4430.407,4434.092,5947
2026.06.03,22:00,4438.319,4453.064,4423.645,4448.708,7802
2026.06.03,23:00,4448.777,4464.766,4445.431,4457.138,8222
2026.06.04,00:00,4457.491,4465.225,4443.918,4448.281,14268
2026.06.04,01:00,4448.220,4473.694,4443.068,4465.609,18089
2026.06.04,02:00,4465.550,4476.753,4455.680,4474.857,12808
2026.06.04,03:00,4474.795,4477.372,4458.334,4464.007,8899
2026.06.04,04:00,4463.949,4484.082,4462.250,4481.137,8299
2026.06.04,05:00,4481.211,4482.528,4466.866,4469.311,9572
2026.06.04,06:00,4469.231,4477.139,4462.906,4467.596,10878
2026.06.04,07:00,4467.792,4470.654,4459.298,4461.805,9546
2026.06.04,08:00,4461.740,4469.477,4458.636,4463.296,10537
2026.06.04,09:00,4463.418,4475.599,4461.127,4470.566,10102
2026.06.04,10:00,4470.499,4473.992,4464.235,4473.510,8603
2026.06.04,11:00,4473.577,4514.771,4468.905,4511.360,16966
2026.06.04,12:00,4511.281,4513.684,4491.082,4504.268,15875
2026.06.04,13:00,4504.214,4515.559,4495.399,4496.013,21238
2026.06.04,14:00,4495.760,4499.959,4457.219,4465.863,24337
2026.06.04,15:00,4466.134,4479.241,4463.688,4477.602,12568
2026.06.04,16:00,4477.305,4485.267,4475.324,4482.619,9318
2026.06.04,17:00,4482.602,4482.602,4473.914,4477.996,6307
2026.06.04,18:00,4478.049,4481.211,4472.715,4477.986,5313
2026.06.04,19:00,4478.002,4483.556,4476.063,4480.966,5293
2026.06.04,20:00,4480.895,4481.672,4474.365,4475.413,3678
2026.06.04,22:00,4475.375,4481.515,4468.629,4469.719,5186
2026.06.04,23:00,4469.785,4473.919,4460.381,4461.558,6375
2026.06.05,00:00,4461.505,4467.011,4450.608,4459.371,13365
2026.06.05,01:00,4459.427,4469.988,4443.978,4446.945,21067
2026.06.05,02:00,4447.008,4455.087,4438.337,4440.597,14101
2026.06.05,03:00,4440.630,4443.706,4435.136,4442.217,9731
2026.06.05,04:00,4442.328,4446.386,4437.443,4445.045,7322
2026.06.05,05:00,4445.230,4450.012,4438.580,4439.809,11043
2026.06.05,06:00,4440.048,4456.092,4428.606,4452.990,13888
2026.06.05,07:00,4452.918,4467.461,4451.771,4460.979,10501
2026.06.05,08:00,4460.918,4468.408,4458.817,4462.671,8282
2026.06.05,09:00,4462.582,4469.462,4458.818,4464.796,10751
2026.06.05,10:00,4464.939,4468.043,4461.821,4466.867,5678
2026.06.05,11:00,4466.811,4475.411,4458.245,4470.326,8427
2026.06.05,12:00,4470.391,4475.953,4404.680,4406.338,25595
2026.06.05,13:00,4406.426,4421.242,4365.390,4365.813,42132
2026.06.05,14:00,4365.879,4379.278,4344.241,4369.830,40225
2026.06.05,15:00,4369.590,4372.683,4333.894,4335.613,22672
2026.06.05,16:00,4335.555,4344.957,4323.130,4344.441,19485
2026.06.05,17:00,4344.496,4347.473,4335.567,4341.891,15219
2026.06.05,18:00,4341.616,4342.150,4315.067,4322.529,17067
2026.06.05,19:00,4322.471,4325.214,4313.770,4318.465,18530
2026.06.05,20:00,4318.545,4331.134,4311.633,4328.522,11643
2026.06.07,22:01,4325.168,4330.839,4310.187,4321.127,14668
2026.06.07,23:01,4321.181,4347.032,4320.842,4343.870,9812
2026.06.08,00:00,4343.923,4353.416,4339.554,4342.094,14921
2026.06.08,01:00,4342.152,4346.059,4299.944,4325.767,39053
2026.06.08,02:00,4325.899,4330.665,4307.121,4310.739,20610
2026.06.08,03:00,4310.701,4317.249,4303.614,4316.776,12237
2026.06.08,04:00,4316.831,4321.850,4307.473,4312.531,11132
2026.06.08,05:00,4312.624,4316.137,4268.301,4291.839,24772
2026.06.08,06:00,4291.901,4311.480,4291.901,4299.896,19424
2026.06.08,07:00,4299.829,4316.926,4294.389,4294.594,17420
2026.06.08,08:00,4294.293,4297.281,4285.279,4288.924,15652
2026.06.08,09:00,4288.869,4302.076,4272.993,4294.167,16700
2026.06.08,10:00,4294.225,4305.547,4286.143,4301.917,15150
2026.06.08,11:00,4302.081,4333.448,4297.045,4331.425,20800
2026.06.08,12:00,4331.071,4339.507,4320.250,4333.232,17806
2026.06.08,13:00,4333.179,4346.877,4321.276,4326.852,29503
2026.06.08,14:00,4326.895,4331.480,4314.364,4330.807,26650
2026.06.08,15:00,4330.867,4345.881,4322.482,4341.704,18240
2026.06.08,16:00,4341.611,4346.349,4337.712,4340.526,11084
2026.06.08,17:00,4340.578,4342.440,4332.033,4338.952,10115
2026.06.08,18:00,4339.075,4345.903,4332.939,4334.455,7797
2026.06.08,19:00,4334.438,4338.183,4323.419,4326.741,8588
2026.06.08,20:00,4326.487,4330.120,4324.259,4329.995,4771
2026.06.08,22:00,4332.176,4332.535,4322.715,4328.015,4159
2026.06.08,23:00,4328.075,4328.960,4312.822,4317.661,5438
2026.06.09,00:00,4317.609,4323.899,4315.053,4319.704,12602
2026.06.09,01:00,4319.650,4338.909,4318.520,4336.492,16615
2026.06.09,02:00,4336.702,4341.077,4328.152,4336.160,11177
2026.06.09,03:00,4336.163,4342.488,4331.111,4336.451,10033
2026.06.09,04:00,4336.731,4339.271,4324.085,4332.210,7613
2026.06.09,05:00,4332.285,4351.572,4330.782,4343.432,12371
2026.06.09,06:00,4343.527,4348.947,4330.186,4330.843,12462
2026.06.09,07:00,4330.775,4334.632,4322.086,4326.754,12303
2026.06.09,08:00,4326.811,4336.908,4321.034,4326.715,10666
2026.06.09,09:00,4326.629,4336.005,4324.022,4332.015,8738
2026.06.09,10:00,4331.961,4340.901,4325.351,4339.044,8930
2026.06.09,11:00,4339.001,4343.820,4335.553,4339.750,7436
2026.06.09,12:00,4340.058,4344.253,4334.827,4341.196,9568
2026.06.09,13:00,4341.252,4363.527,4325.247,4329.268,23211
2026.06.09,14:00,4329.202,4335.914,4278.435,4300.678,42821
2026.06.09,15:00,4300.447,4302.030,4263.012,4272.307,39110
2026.06.09,16:00,4272.390,4281.198,4236.440,4251.963,53415
2026.06.09,17:00,4251.907,4268.094,4251.146,4262.998,26998
2026.06.09,18:00,4263.062,4274.387,4259.515,4270.093,15052
2026.06.09,19:00,4270.017,4271.578,4249.868,4258.886,15248
2026.06.09,20:00,4258.942,4262.155,4255.746,4260.483,4978
2026.06.09,22:00,4256.148,4257.471,4232.380,4237.007,8155
2026.06.09,23:00,4237.218,4247.209,4210.298,4222.157,12726
2026.06.10,00:00,4222.208,4228.522,4198.734,4218.028,25359
2026.06.10,01:00,4217.976,4218.938,4183.563,4188.819,32564
2026.06.10,02:00,4188.872,4192.457,4173.140,4174.199,21718
2026.06.10,03:00,4173.871,4186.464,4172.584,4185.014,13686
2026.06.10,04:00,4184.682,4187.387,4172.174,4174.704,10278
2026.06.10,05:00,4174.763,4209.181,4173.433,4205.073,18112
2026.06.10,06:00,4205.039,4221.965,4201.721,4204.015,17156
2026.06.10,07:00,4203.964,4208.043,4181.530,4186.058,15217
2026.06.10,08:00,4185.997,4187.514,4161.248,4168.827,21669
2026.06.10,09:00,4169.155,4179.540,4163.064,4168.565,16796
2026.06.10,10:00,4168.625,4178.595,4155.665,4174.517,15026
2026.06.10,11:00,4174.386,4176.129,4145.692,4147.761,31037
2026.06.10,12:00,4147.698,4173.713,4128.582,4146.948,40020
2026.06.10,13:00,4147.006,4186.414,4132.767,4179.400,46238
2026.06.10,14:00,4179.505,4181.245,4117.632,4124.709,37925
2026.06.10,15:00,4124.772,4137.134,4106.882,4128.689,48026
2026.06.10,16:00,4128.748,4135.287,4115.887,4121.901,24508
2026.06.10,17:00,4121.841,4135.069,4100.686,4111.753,21155
2026.06.10,18:00,4111.802,4120.560,4096.780,4101.715,15963
2026.06.10,19:00,4101.669,4102.170,4081.476,4082.887,17040
2026.06.10,20:00,4082.809,4083.215,4066.994,4070.616,9728
2026.06.10,22:00,4071.839,4072.094,4036.148,4046.496,14975
2026.06.10,23:00,4046.570,4064.791,4023.801,4047.171,22201
2026.06.11,00:00,4047.358,4078.026,4036.087,4075.660,46561
2026.06.11,01:00,4075.609,4118.326,4066.150,4102.138,42079
2026.06.11,02:00,4102.196,4102.807,4052.320,4067.815,29981
2026.06.11,03:00,4067.760,4078.532,4056.881,4072.716,22100
2026.06.11,04:00,4072.889,4085.958,4070.194,4082.797,14039
2026.06.11,05:00,4082.851,4106.466,4072.446,4094.391,21855
2026.06.11,06:00,4094.323,4097.578,4076.261,4094.433,20940
2026.06.11,07:00,4094.694,4110.692,4091.830,4104.813,17350
2026.06.11,08:00,4104.761,4112.688,4084.534,4084.692,17443
2026.06.11,09:00,4084.363,4096.421,4077.373,4091.490,12723
2026.06.11,10:00,4091.436,4094.668,4086.442,4089.984,10391
2026.06.11,11:00,4089.903,4096.125,4079.720,4080.475,15970
2026.06.11,12:00,4080.457,4087.049,4057.436,4081.874,34969
2026.06.11,13:00,4081.710,4092.724,4067.063,4083.438,45666
2026.06.11,14:00,4083.374,4085.515,4052.876,4073.363,45375
2026.06.11,15:00,4073.399,4095.451,4070.198,4088.700,33904
2026.06.11,16:00,4088.774,4107.521,4077.946,4080.411,21271
2026.06.11,17:00,4080.070,4170.175,4071.843,4152.054,62773
2026.06.11,18:00,4152.000,4171.774,4131.242,4161.697,36121
2026.06.11,19:00,4161.753,4220.010,4161.753,4209.009,35378
2026.06.11,20:00,4209.103,4218.675,4208.041,4211.558,10323
2026.06.11,22:00,4220.214,4246.463,4205.367,4243.346,9858
2026.06.11,23:00,4243.411,4245.949,4214.324,4219.824,12250
2026.06.12,00:00,4220.036,4230.645,4200.741,4208.370,23671
2026.06.12,01:00,4208.246,4210.970,4171.353,4186.929,28171
2026.06.12,02:00,4186.862,4199.948,4182.619,4191.450,16283
2026.06.12,03:00,4191.395,4205.024,4189.560,4197.316,14294
2026.06.12,04:00,4197.265,4201.135,4189.440,4190.154,9330
2026.06.12,05:00,4190.120,4193.023,4170.797,4173.290,17582
2026.06.12,06:00,4173.137,4185.681,4172.239,4184.041,14449
2026.06.12,07:00,4184.095,4194.089,4170.097,4194.089,16676
2026.06.12,08:00,4194.416,4226.096,4191.831,4219.734,25104
2026.06.12,09:00,4219.520,4227.953,4217.299,4221.963,15346
2026.06.12,10:00,4221.906,4225.440,4202.793,4210.772,13954
2026.06.12,11:00,4211.149,4215.412,4197.510,4207.056,12302
2026.06.12,12:00,4206.732,4215.456,4188.483,4191.912,17376
2026.06.12,13:00,4191.859,4210.261,4182.764,4186.538,35899
2026.06.12,14:00,4186.200,4208.606,4177.001,4204.094,37171
2026.06.12,15:00,4204.153,4235.654,4200.146,4211.943,29936
2026.06.12,16:00,4212.002,4233.031,4207.868,4216.161,22127
2026.06.12,17:00,4216.217,4226.538,4213.844,4221.513,12006
2026.06.12,18:00,4221.564,4235.427,4214.062,4215.731,10594
2026.06.12,19:00,4215.678,4219.052,4201.763,4210.541,10035
2026.06.12,20:00,4210.600,4219.338,4209.293,4218.707,4596
2026.06.14,22:01,4270.421,4309.049,4269.297,4285.602,13540
2026.06.14,23:01,4285.660,4295.294,4281.087,4293.982,6481
2026.06.15,00:00,4293.998,4308.270,4291.614,4292.732,12564
2026.06.15,01:00,4292.521,4319.732,4285.464,4316.696,23331
2026.06.15,02:00,4316.629,4335.574,4315.961,4329.595,12379
2026.06.15,03:00,4329.583,4331.207,4321.144,4324.815,8881
2026.06.15,04:00,4325.161,4330.208,4320.524,4328.401,6246
2026.06.15,05:00,4328.122,4333.122,4307.424,4310.212,10982
2026.06.15,06:00,4310.234,4313.549,4300.661,4308.287,12825
2026.06.15,07:00,4308.347,4325.418,4305.395,4323.013,10175
2026.06.15,08:00,4322.950,4345.577,4321.682,4334.368,11137
2026.06.15,09:00,4334.375,4343.151,4334.364,4336.833,9531
2026.06.15,10:00,4336.896,4341.683,4335.297,4338.115,7347
2026.06.15,11:00,4338.372,4347.609,4331.831,4335.318,9588
2026.06.15,12:00,4335.335,4349.445,4324.652,4348.856,11365
2026.06.15,13:00,4348.974,4368.718,4341.397,4355.374,19128
2026.06.15,14:00,4355.316,4369.345,4353.805,4356.854,17886
2026.06.15,15:00,4356.799,4360.786,4349.528,4356.324,12491
2026.06.15,16:00,4356.166,4358.829,4334.432,4339.044,10048
2026.06.15,17:00,4339.099,4339.288,4320.386,4324.630,10070
2026.06.15,18:00,4324.692,4328.143,4317.841,4325.846,7518
2026.06.15,19:00,4325.784,4326.871,4316.505,4320.650,7048
2026.06.15,20:00,4320.813,4322.159,4306.356,4308.932,4912
2026.06.15,22:00,4311.426,4315.610,4305.855,4311.993,4858
2026.06.15,23:00,4311.941,4319.196,4311.588,4315.757,4928
2026.06.16,00:00,4315.700,4320.825,4306.726,4319.217,10054
2026.06.16,01:00,4318.991,4325.776,4312.203,4313.489,15009
2026.06.16,02:00,4313.464,4320.754,4307.819,4318.792,8182
2026.06.16,03:00,4318.740,4333.264,4315.456,4330.277,7560
2026.06.16,04:00,4330.224,4332.192,4321.098,4322.672,6241
2026.06.16,05:00,4322.727,4330.987,4314.239,4315.715,9411
2026.06.16,06:00,4315.662,4324.369,4313.349,4323.745,9646
2026.06.16,07:00,4323.803,4335.549,4322.550,4334.950,8797
2026.06.16,08:00,4334.896,4348.007,4332.662,4346.825,8654
2026.06.16,09:00,4346.883,4348.443,4338.234,4345.100,7253
2026.06.16,10:00,4345.459,4349.030,4342.022,4348.747,5622
2026.06.16,11:00,4348.811,4349.508,4334.972,4340.805,8722
2026.06.16,12:00,4340.753,4355.033,4337.632,4354.539,10467
2026.06.16,13:00,4354.478,4354.952,4331.484,4331.630,17709
2026.06.16,14:00,4331.983,4338.843,4313.050,4324.153,20379
2026.06.16,15:00,4323.933,4343.640,4320.893,4335.423,14973
2026.06.16,16:00,4335.366,4347.111,4334.932,4340.746,11736
2026.06.16,17:00,4340.644,4341.339,4325.178,4340.130,10119
2026.06.16,18:00,4340.184,4342.955,4336.121,4338.374,6303
2026.06.16,19:00,4338.442,4343.044,4330.499,4334.144,6937
2026.06.16,20:00,4333.797,4335.000,4329.508,4331.122,3645
2026.06.16,22:00,4335.093,4336.260,4328.839,4335.609,3051
2026.06.16,23:00,4335.546,4338.364,4329.643,4331.153,3252
2026.06.17,00:00,4331.294,4341.631,4328.401,4336.952,8814
2026.06.17,01:00,4336.898,4349.853,4334.199,4341.053,12814
2026.06.17,02:00,4341.022,4344.708,4329.846,4331.801,8876
2026.06.17,03:00,4331.732,4334.119,4328.479,4332.276,6742
2026.06.17,04:00,4332.111,4334.053,4317.419,4326.575,6573
2026.06.17,05:00,4326.631,4334.118,4321.059,4326.512,8656
2026.06.17,06:00,4326.575,4331.874,4320.368,4331.523,9606
2026.06.17,07:00,4331.458,4332.908,4324.652,4325.362,7907
2026.06.17,08:00,4325.418,4327.707,4317.161,4324.578,9303
2026.06.17,09:00,4324.511,4335.897,4321.205,4329.707,7714
2026.06.17,10:00,4329.669,4335.314,4326.926,4331.511,6106
2026.06.17,11:00,4331.293,4331.887,4320.861,4323.362,7160
2026.06.17,12:00,4323.424,4335.613,4319.796,4333.476,9228
2026.06.17,13:00,4333.417,4345.332,4323.910,4339.977,14727
2026.06.17,14:00,4339.921,4364.018,4330.769,4344.622,24494
2026.06.17,15:00,4344.545,4364.954,4343.802,4363.739,14203
2026.06.17,16:00,4363.380,4366.567,4355.119,4359.650,7918
2026.06.17,17:00,4359.413,4382.399,4355.259,4380.160,13883
2026.06.17,18:00,4379.698,4379.713,4269.575,4286.027,113135
2026.06.17,19:00,4286.099,4295.482,4218.874,4235.588,85416
2026.06.17,20:00,4235.508,4269.768,4234.834,4257.531,18258
2026.06.17,22:00,4258.593,4271.505,4254.382,4266.859,6841
2026.06.17,23:00,4266.788,4283.988,4264.226,4277.885,8129
2026.06.18,00:00,4277.944,4315.433,4276.340,4308.555,18121
2026.06.18,01:00,4308.606,4328.589,4306.857,4317.999,20404
2026.06.18,02:00,4318.055,4329.997,4310.608,4310.814,12633
2026.06.18,03:00,4311.008,4322.817,4308.910,4319.552,9330
2026.06.18,04:00,4319.794,4324.115,4309.677,4316.160,7842
2026.06.18,05:00,4315.806,4324.828,4301.342,4308.070,12605
2026.06.18,06:00,4307.998,4310.024,4296.283,4306.354,14769
2026.06.18,07:00,4306.301,4309.485,4287.362,4288.755,11949
2026.06.18,08:00,4288.829,4292.848,4265.403,4266.798,13965
2026.06.18,09:00,4266.858,4273.294,4259.422,4268.705,12932
2026.06.18,10:00,4268.650,4272.815,4254.640,4255.646,11381
2026.06.18,11:00,4255.785,4255.859,4239.736,4242.095,14590
2026.06.18,12:00,4241.748,4269.231,4240.282,4246.508,20474
2026.06.18,13:00,4246.445,4276.808,4244.826,4256.686,26604
2026.06.18,14:00,4256.460,4258.080,4237.077,4252.486,28738
2026.06.18,15:00,4252.586,4254.924,4222.975,4226.541,21666
2026.06.18,16:00,4226.594,4233.440,4213.892,4219.278,17459
2026.06.18,17:00,4219.334,4233.102,4218.455,4230.214,11775
2026.06.18,18:00,4230.548,4233.232,4218.080,4218.451,9175
2026.06.18,19:00,4218.503,4219.215,4201.249,4216.815,14193
2026.06.18,20:00,4216.868,4219.679,4207.775,4208.255,5185
2026.06.18,22:00,4208.852,4212.823,4202.756,4207.628,4238
2026.06.18,23:00,4207.623,4208.492,4186.759,4188.598,7743
2026.06.19,00:00,4188.534,4197.995,4184.258,4190.495,12486
2026.06.19,01:00,4190.550,4194.428,4183.792,4184.789,9431
2026.06.19,02:00,4184.737,4186.273,4171.761,4176.469,9854
2026.06.19,03:00,4176.461,4177.172,4145.651,4153.296,11886
2026.06.19,04:00,4153.522,4155.341,4125.027,4125.974,14984
2026.06.19,05:00,4125.923,4141.717,4121.652,4139.561,14005
2026.06.19,06:00,4139.612,4150.613,4132.762,4147.800,14614
2026.06.19,07:00,4147.486,4163.379,4147.486,4158.114,12263
2026.06.19,08:00,4157.930,4178.732,4155.140,4168.969,12622
2026.06.19,09:00,4169.192,4171.008,4160.893,4163.016,9371
2026.06.19,10:00,4162.797,4163.176,4147.949,4149.792,10432
2026.06.19,11:00,4149.955,4155.087,4141.774,4152.474,10925
2026.06.19,12:00,4152.502,4180.042,4147.118,4178.965,16746
2026.06.19,13:00,4178.908,4183.079,4150.328,4151.543,18726
2026.06.19,14:00,4151.218,4154.675,4142.497,4149.123,13192
2026.06.19,15:00,4149.186,4154.104,4147.497,4151.107,8475
2026.06.19,16:00,4150.953,4157.882,4144.307,4155.463,7035
2026.06.21,22:01,4153.472,4159.714,4147.846,4156.817,7165
2026.06.21,23:01,4156.761,4164.758,4136.486,4140.129,10154
2026.06.22,00:00,4140.184,4201.211,4139.941,4200.686,21628
2026.06.22,01:00,4200.860,4221.228,4189.582,4191.094,34946
2026.06.22,02:00,4191.146,4200.218,4183.483,4188.566,16272
2026.06.22,03:00,4188.515,4189.993,4170.559,4171.556,11300
2026.06.22,04:00,4171.631,4182.171,4170.685,4181.702,7956
2026.06.22,05:00,4181.597,4198.536,4179.301,4193.892,13422
2026.06.22,06:00,4193.953,4207.289,4191.162,4197.458,13793
2026.06.22,07:00,4197.785,4201.774,4188.746,4190.234,10234
2026.06.22,08:00,4190.441,4197.909,4188.773,4197.191,10134
2026.06.22,09:00,4197.242,4210.316,4195.904,4208.352,10421
2026.06.22,10:00,4208.287,4214.313,4203.539,4204.546,7912
2026.06.22,11:00,4204.616,4215.354,4201.374,4207.409,10523
2026.06.22,12:00,4207.341,4211.791,4192.343,4193.496,11125
2026.06.22,13:00,4193.554,4205.941,4183.047,4199.995,24463
2026.06.22,14:00,4200.000,4210.800,4186.396,4198.149,25059
2026.06.22,15:00,4198.482,4201.385,4169.670,4182.999,18952
2026.06.22,16:00,4182.676,4192.944,4174.291,4189.726,11837
2026.06.22,17:00,4189.823,4191.589,4177.050,4183.308,9444
2026.06.22,18:00,4183.386,4192.919,4182.382,4191.150,7075
2026.06.22,19:00,4191.473,4193.458,4184.095,4190.475,7308
2026.06.22,20:00,4190.535,4193.750,4188.585,4192.375,3819
2026.06.22,22:00,4192.342,4194.668,4188.338,4190.011,3430
2026.06.22,23:00,4189.796,4195.426,4186.842,4187.721,4221
2026.06.23,00:00,4187.664,4194.826,4178.261,4193.217,14457
2026.06.23,01:00,4193.434,4198.617,4149.976,4161.241,24847
2026.06.23,02:00,4161.195,4163.498,4146.488,4147.060,15383
2026.06.23,03:00,4147.115,4149.775,4130.804,4143.941,14838
2026.06.23,04:00,4143.991,4146.819,4114.658,4118.303,10050
2026.06.23,05:00,4118.377,4137.406,4115.325,4121.199,21346
2026.06.23,06:00,4121.225,4126.923,4110.220,4114.555,21062
2026.06.23,07:00,4114.497,4124.638,4096.502,4098.965,16870
2026.06.23,08:00,4098.940,4111.073,4090.666,4105.222,16292
2026.06.23,09:00,4105.172,4122.191,4104.127,4122.134,11643
2026.06.23,10:00,4122.191,4133.236,4119.524,4119.858,12571
2026.06.23,11:00,4119.726,4132.075,4117.390,4123.192,14971
2026.06.23,12:00,4123.378,4127.353,4111.710,4113.380,16037
2026.06.23,13:00,4113.327,4140.551,4105.215,4135.535,29351
2026.06.23,14:00,4135.462,4145.137,4122.622,4130.047,29406
2026.06.23,15:00,4130.223,4141.522,4123.381,4138.492,18533
2026.06.23,16:00,4138.541,4143.976,4131.454,4134.548,10094
2026.06.23,17:00,4134.483,4139.858,4127.624,4128.121,11087
2026.06.23,18:00,4127.901,4130.854,4112.746,4117.638,8842
2026.06.23,19:00,4117.689,4126.026,4111.513,4111.890,11351
2026.06.23,20:00,4111.668,4113.040,4107.366,4109.884,5567
2026.06.23,22:00,4112.304,4115.116,4096.868,4104.436,7618
2026.06.23,23:00,4104.170,4104.486,4080.701,4099.087,10918
2026.06.24,00:00,4099.025,4111.932,4093.624,4097.107,22232
2026.06.24,01:00,4097.164,4102.295,4068.223,4089.004,37824
2026.06.24,02:00,4088.957,4096.104,4051.998,4061.291,22684
2026.06.24,03:00,4061.238,4070.783,4050.299,4062.850,19785
2026.06.24,04:00,4062.911,4067.249,4054.946,4064.608,13165
2026.06.24,05:00,4064.552,4086.311,4060.965,4075.890,16648
2026.06.24,06:00,4075.982,4097.643,4075.755,4087.016,20165
2026.06.24,07:00,4086.944,4090.942,4073.608,4074.898,12882
2026.06.24,08:00,4074.846,4087.620,4073.059,4076.368,13054
2026.06.24,09:00,4076.306,4079.081,4063.977,4064.674,11361
2026.06.24,10:00,4064.723,4066.780,4054.318,4055.683,12131
2026.06.24,11:00,4055.747,4058.370,4037.501,4046.876,44069
2026.06.24,12:00,4046.733,4048.952,3987.379,3987.829,85775
2026.06.24,13:00,3987.926,4042.128,3964.425,4038.282,164505
2026.06.24,14:00,4038.166,4041.112,4002.858,4007.858,54922
2026.06.24,15:00,4008.168,4017.011,3997.213,4002.421,60774
2026.06.24,16:00,4002.682,4022.321,3995.539,4006.539,48203
2026.06.24,17:00,4006.616,4011.351,3972.782,3972.964,26925
2026.06.24,18:00,3973.011,3994.389,3958.850,3981.538,28767
2026.06.24,19:00,3981.591,3990.903,3973.479,3988.179,18060
2026.06.24,20:00,3987.948,4002.981,3984.729,4001.177,12770
2026.06.24,22:00,4004.490,4008.952,3993.063,3996.185,6477
2026.06.24,23:00,3996.239,4018.482,3990.780,4012.364,8910
2026.06.25,00:00,4012.309,4016.506,3978.404,3991.339,23642
2026.06.25,01:00,3991.274,4005.940,3972.302,3976.757,39043
2026.06.25,02:00,3976.953,3991.070,3962.407,3982.867,27728
2026.06.25,03:00,3983.017,4001.197,3966.420,3995.365,24689
2026.06.25,04:00,3995.312,3997.710,3983.639,3996.219,13338
2026.06.25,05:00,3996.269,4000.225,3980.397,3986.287,20991
2026.06.25,06:00,3986.479,3989.147,3973.831,3977.690,19042
2026.06.25,07:00,3977.744,3989.880,3971.322,3987.752,15296
2026.06.25,08:00,3987.700,4002.150,3984.268,3989.275,18257
2026.06.25,09:00,3989.049,3997.698,3986.250,3988.347,12161
2026.06.25,10:00,3988.294,3989.512,3981.256,3984.160,8399
2026.06.25,11:00,3984.203,3987.855,3973.579,3980.229,12297
2026.06.25,12:00,3980.269,4019.422,3978.817,4012.274,37645
2026.06.25,13:00,4012.556,4034.010,4000.817,4002.336,56786
2026.06.25,14:00,4002.293,4028.781,3998.938,4012.083,39529
2026.06.25,15:00,4012.132,4042.766,4004.879,4040.971,30748
2026.06.25,16:00,4041.098,4044.133,4023.886,4028.882,18100
2026.06.25,17:00,4028.935,4036.757,4026.835,4034.574,12495
2026.06.25,18:00,4034.672,4044.253,4025.866,4034.629,13807
2026.06.25,19:00,4034.696,4043.876,4021.940,4026.674,11888
2026.06.25,20:00,4026.601,4035.079,4024.357,4026.823,6245
2026.06.25,22:00,4028.945,4036.660,4019.753,4026.479,7691
2026.06.25,23:00,4026.240,4030.366,4012.414,4014.687,7654
2026.06.26,00:00,4014.626,4024.556,4011.478,4020.208,17891
2026.06.26,01:00,4020.512,4029.591,4014.148,4020.832,22134
2026.06.26,02:00,4020.882,4023.395,3982.915,3990.614,18924
2026.06.26,03:00,3990.551,4006.470,3986.658,4004.141,15047
2026.06.26,04:00,4004.198,4015.279,3998.729,4011.423,12043
2026.06.26,05:00,4011.476,4021.725,4005.642,4008.155,15975
2026.06.26,06:00,4008.209,4033.268,4006.698,4031.964,20352
2026.06.26,07:00,4031.909,4039.730,4026.766,4030.452,11867
2026.06.26,08:00,4030.541,4037.960,4025.705,4031.040,10633
2026.06.26,09:00,4030.782,4054.193,4029.432,4047.361,14010
2026.06.26,10:00,4047.311,4055.110,4042.348,4054.851,10601
2026.06.26,11:00,4054.654,4055.866,4042.685,4045.800,10802
2026.06.26,12:00,4045.852,4061.663,4035.790,4058.864,14803
2026.06.26,13:00,4058.916,4078.089,4043.257,4073.760,36709
2026.06.26,14:00,4073.708,4093.139,4067.876,4080.422,27581
2026.06.26,15:00,4080.624,4096.089,4075.644,4090.438,19502
2026.06.26,16:00,4090.488,4093.571,4082.043,4085.155,12243
2026.06.26,17:00,4085.183,4088.301,4073.594,4074.673,10131
2026.06.26,18:00,4074.860,4078.921,4067.030,4067.488,7623
2026.06.26,19:00,4067.572,4074.602,4064.451,4071.779,8339
2026.06.26,20:00,4071.850,4090.442,4064.635,4088.284,8803
2026.06.28,22:01,4075.932,4085.346,4053.428,4066.351,9558
2026.06.28,23:01,4066.549,4070.442,4051.744,4062.867,8685
2026.06.29,00:00,4062.923,4074.371,4048.291,4069.659,23048
2026.06.29,01:00,4069.746,4074.709,4053.731,4061.427,26560
2026.06.29,02:00,4061.379,4071.968,4058.356,4066.278,19334
2026.06.29,03:00,4066.350,4075.749,4065.162,4068.935,12159
2026.06.29,04:00,4069.027,4069.089,4049.713,4052.456,8897
2026.06.29,05:00,4052.357,4057.541,4039.245,4054.644,17352
2026.06.29,06:00,4054.542,4065.031,4053.780,4062.415,13914
2026.06.29,07:00,4062.533,4068.664,4056.064,4061.765,10475
2026.06.29,08:00,4061.713,4066.760,4043.603,4046.901,11865
2026.06.29,09:00,4046.845,4055.211,4024.459,4031.398,14825
2026.06.29,10:00,4031.455,4039.602,4027.367,4036.790,11447
2026.06.29,11:00,4036.732,4042.410,4027.266,4039.392,10664
2026.06.29,12:00,4039.442,4052.395,4037.671,4043.530,13767
2026.06.29,13:00,4043.583,4051.821,4028.188,4032.439,21134
2026.06.29,14:00,4032.493,4035.687,4000.187,4025.560,31028
2026.06.29,15:00,4025.623,4030.497,4016.733,4027.077,14716
2026.06.29,16:00,4026.983,4028.797,4018.704,4023.962,8543
2026.06.29,17:00,4024.014,4032.136,4019.213,4021.084,8576
2026.06.29,18:00,4021.029,4025.276,4011.892,4013.462,5846
2026.06.29,19:00,4013.440,4019.621,4005.179,4015.960,7553
2026.06.29,20:00,4016.008,4018.031,4012.649,4016.416,3583
2026.06.29,22:00,4018.290,4022.279,4009.482,4014.100,5433
2026.06.29,23:00,4014.029,4022.522,4013.544,4015.064,5897
2026.06.30,00:00,4015.006,4015.338,3979.539,3986.950,18045
2026.06.30,01:00,3987.009,3987.320,3942.138,3969.309,43071
2026.06.30,02:00,3969.257,3973.362,3952.205,3963.036,22696
2026.06.30,03:00,3962.726,3971.227,3960.117,3969.760,14754
2026.06.30,04:00,3969.710,3998.104,3968.089,3985.645,12909
2026.06.30,05:00,3985.701,3990.952,3975.118,3978.065,15910
2026.06.30,06:00,3978.115,4034.316,3977.975,4029.494,28651
2026.06.30,07:00,4029.688,4034.915,4023.790,4032.358,12349
2026.06.30,08:00,4032.027,4037.789,4013.589,4015.630,12442
2026.06.30,09:00,4015.394,4024.015,4012.345,4023.752,9080
2026.06.30,10:00,4023.803,4031.298,4021.380,4029.685,7802
2026.06.30,11:00,4029.705,4037.310,4025.314,4033.779,10099
2026.06.30,12:00,4033.856,4034.388,4008.600,4009.825,14146
2026.06.30,13:00,4009.775,4033.488,4009.231,4029.498,24961
2026.06.30,14:00,4029.495,4063.396,4025.212,4037.493,29423
2026.06.30,15:00,4037.550,4039.566,4022.164,4029.528,17172
2026.06.30,16:00,4029.578,4033.933,4025.762,4026.266,8611
2026.06.30,17:00,4026.214,4032.214,4020.604,4030.637,9297
2026.06.30,18:00,4030.687,4033.925,4028.321,4028.713,5545
2026.06.30,19:00,4028.660,4029.584,4014.794,4016.126,7272
2026.06.30,20:00,4016.010,4021.098,4006.309,4007.335,5333
2026.06.30,22:00,4011.879,4018.013,4011.069,4013.036,5133
2026.06.30,23:00,4013.088,4018.509,4005.274,4005.629,5995
2026.07.01,00:00,4005.689,4009.894,3992.926,3996.889,11760
2026.07.01,01:00,3996.897,3999.907,3973.883,3977.941,23820
2026.07.01,02:00,3977.887,3986.153,3970.261,3979.416,13878
2026.07.01,03:00,3979.367,3987.124,3976.671,3980.361,8557
2026.07.01,04:00,3980.409,3982.869,3972.287,3976.753,7892
2026.07.01,05:00,3976.698,3978.982,3969.691,3974.186,12340
2026.07.01,06:00,3974.130,3977.563,3963.152,3971.999,14749
2026.07.01,07:00,3971.941,3978.546,3960.020,3976.188,14461
2026.07.01,08:00,3976.134,3984.386,3969.406,3974.396,10113
2026.07.01,09:00,3974.638,3986.068,3972.777,3984.319,8172
2026.07.01,10:00,3984.619,3998.855,3981.419,3998.262,8377
2026.07.01,11:00,3998.204,4035.640,3997.796,4030.268,16952
2026.07.01,12:00,4030.594,4034.036,4019.667,4022.609,17903
2026.07.01,13:00,4022.661,4108.062,4012.786,4089.619,49959
2026.07.01,14:00,4089.528,4115.737,4082.796,4093.636,33569
2026.07.01,15:00,4093.329,4094.730,4076.649,4081.212,18479
2026.07.01,16:00,4081.277,4088.645,4070.386,4070.993,12104
2026.07.01,17:00,4071.310,4073.617,4067.301,4068.059,10619
2026.07.01,18:00,4068.111,4070.836,4057.923,4062.057,8643
2026.07.01,19:00,4062.130,4068.478,4034.355,4038.606,10942
2026.07.01,20:00,4038.552,4039.882,4028.430,4031.651,7307
2026.07.01,22:00,4034.233,4045.315,4032.912,4044.977,5418
2026.07.01,23:00,4044.938,4044.984,4033.236,4035.205,5688
2026.07.02,00:00,4035.008,4052.805,4030.725,4052.040,14607
2026.07.02,01:00,4052.093,4068.401,4045.186,4050.432,21047
2026.07.02,02:00,4050.386,4061.109,4041.195,4057.225,13324
2026.07.02,03:00,4057.298,4074.256,4055.406,4070.118,11272
2026.07.02,04:00,4070.174,4072.928,4060.633,4060.895,7444
2026.07.02,05:00,4060.770,4067.837,4053.147,4066.186,14108
2026.07.02,06:00,4066.275,4079.745,4065.927,4073.270,15279
2026.07.02,07:00,4073.120,4075.551,4060.677,4064.707,12362
2026.07.02,08:00,4064.652,4080.249,4061.423,4076.175,12744
2026.07.02,09:00,4076.126,4077.084,4063.865,4065.443,9994
2026.07.02,10:00,4065.495,4068.811,4061.388,4066.222,8363
2026.07.02,11:00,4066.298,4072.285,4057.278,4065.411,10547
2026.07.02,12:00,4065.461,4140.735,4061.166,4117.518,39935
2026.07.02,13:00,4117.719,4144.034,4109.238,4136.769,43670
2026.07.02,14:00,4136.966,4138.494,4113.882,4128.559,31734
2026.07.02,15:00,4128.508,4131.520,4114.708,4128.352,20258
2026.07.02,16:00,4128.501,4130.384,4100.230,4118.185,18099
2026.07.02,17:00,4118.065,4120.030,4105.722,4106.901,14087
2026.07.02,18:00,4106.900,4127.185,4105.826,4122.817,11046
2026.07.02,19:00,4122.872,4124.551,4108.060,4121.502,10347
2026.07.02,20:00,4121.365,4125.110,4116.282,4124.104,4906
2026.07.02,22:00,4126.549,4128.215,4122.491,4124.513,3504
2026.07.02,23:00,4124.761,4134.172,4120.965,4126.256,7112
2026.07.03,00:00,4126.286,4151.171,4123.006,4147.210,18121
2026.07.03,01:00,4147.039,4195.542,4146.517,4182.534,29787
2026.07.03,02:00,4182.428,4186.922,4176.389,4183.596,12867
2026.07.03,03:00,4183.293,4184.630,4175.147,4175.943,8811
2026.07.03,04:00,4176.167,4182.892,4173.013,4179.005,6000
2026.07.03,05:00,4178.951,4182.075,4169.167,4171.265,9615
2026.07.03,06:00,4171.272,4174.454,4160.347,4173.155,12457
2026.07.03,07:00,4173.214,4181.867,4169.259,4177.434,9234
2026.07.03,08:00,4177.526,4186.615,4176.804,4180.865,8845
2026.07.03,09:00,4180.993,4181.903,4168.309,4172.099,8027
2026.07.03,10:00,4172.046,4181.318,4170.822,4177.200,5725
2026.07.03,11:00,4176.892,4186.326,4175.429,4180.921,6468
2026.07.03,12:00,4180.981,4183.250,4172.139,4176.702,7377
2026.07.03,13:00,4176.759,4179.272,4163.425,4164.632,11828
2026.07.03,14:00,4164.567,4171.221,4155.220,4169.636,9599
2026.07.03,15:00,4169.679,4174.355,4164.389,4164.976,6494
2026.07.03,16:00,4164.921,4176.383,4162.681,4174.949,5742
2026.07.05,22:01,4177.956,4191.631,4173.230,4191.631,8794
2026.07.05,23:01,4191.577,4202.312,4177.175,4183.140,9537
2026.07.06,00:00,4183.290,4189.008,4169.934,4179.480,20150
2026.07.06,01:00,4179.699,4203.224,4172.395,4186.158,25997
2026.07.06,02:00,4186.218,4187.917,4168.446,4174.020,17996
2026.07.06,03:00,4174.294,4176.387,4160.923,4165.326,11254
2026.07.06,04:00,4165.276,4166.803,4157.380,4159.906,7615
2026.07.06,05:00,4159.780,4161.010,4144.661,4148.092,13129
2026.07.06,06:00,4148.145,4159.671,4145.762,4150.424,11691
2026.07.06,07:00,4150.372,4166.490,4147.026,4164.554,10428
2026.07.06,08:00,4164.269,4166.148,4146.947,4150.539,8251
2026.07.06,09:00,4150.510,4151.294,4136.245,4143.369,9300
2026.07.06,10:00,4143.107,4155.966,4141.961,4154.902,8078
2026.07.06,11:00,4154.964,4159.661,4151.602,4155.056,10370
2026.07.06,12:00,4154.995,4158.561,4131.386,4139.503,15153
2026.07.06,13:00,4139.453,4150.420,4136.458,4140.997,20643
2026.07.06,14:00,4140.855,4147.162,4128.497,4138.040,18180
2026.07.06,15:00,4138.093,4152.172,4137.403,4148.224,11332
2026.07.06,16:00,4148.276,4156.368,4140.283,4154.913,8330
2026.07.06,17:00,4154.935,4161.662,4150.315,4161.127,8643
2026.07.06,18:00,4161.068,4167.716,4155.339,4164.054,6288
2026.07.06,19:00,4163.867,4165.591,4158.737,4163.668,6006
2026.07.06,20:00,4163.741,4165.022,4160.785,4164.351,3184
2026.07.06,22:00,4166.125,4168.673,4163.508,4164.276,3362
2026.07.06,23:00,4164.218,4165.812,4157.010,4157.408,4173
2026.07.07,00:00,4157.354,4162.861,4145.127,4146.175,12505
2026.07.07,01:00,4146.124,4148.030,4125.740,4141.777,19491
2026.07.07,02:00,4141.674,4145.289,4131.325,4136.661,11110
2026.07.07,03:00,4136.459,4140.042,4124.387,4131.200,9685
2026.07.07,04:00,4130.982,4141.360,4125.855,4126.805,8042
2026.07.07,05:00,4126.852,4131.260,4116.481,4124.196,14550
2026.07.07,06:00,4124.084,4133.077,4121.358,4130.304,11107
2026.07.07,07:00,4130.420,4133.734,4124.235,4124.807,8941
2026.07.07,08:00,4124.754,4139.430,4121.803,4126.159,10567
2026.07.07,09:00,4126.019,4133.864,4119.602,4131.062,9602
2026.07.07,10:00,4131.114,4138.945,4131.050,4135.574,7810
2026.07.07,11:00,4135.881,4158.554,4131.898,4156.569,10545
2026.07.07,12:00,4156.707,4175.189,4154.398,4172.088,17560
2026.07.07,13:00,4172.392,4180.548,4155.968,4158.705,25522
2026.07.07,14:00,4158.388,4163.566,4143.559,4154.293,21259
2026.07.07,15:00,4154.228,4155.771,4135.688,4138.961,13919
2026.07.07,16:00,4138.959,4147.356,4136.961,4144.984,9392
2026.07.07,17:00,4145.041,4148.313,4140.370,4144.468,8112
2026.07.07,18:00,4144.519,4145.314,4124.997,4127.044,11928
2026.07.07,19:00,4127.013,4127.902,4092.059,4114.064,23883
2026.07.07,20:00,4114.010,4115.795,4103.399,4106.656,6073
2026.07.07,22:00,4097.775,4106.409,4094.194,4098.192,5640
2026.07.07,23:00,4098.459,4108.019,4095.844,4098.864,7740
2026.07.08,00:00,4098.759,4126.922,4096.870,4111.690,20265
2026.07.08,01:00,4111.621,4118.020,4096.382,4111.079,28530
2026.07.08,02:00,4111.139,4125.066,4106.121,4114.488,15901
2026.07.08,03:00,4114.375,4131.253,4114.375,4123.550,12155
2026.07.08,04:00,4123.493,4128.868,4120.713,4125.085,10063
2026.07.08,05:00,4125.288,4134.116,4120.998,4127.730,14951
2026.07.08,06:00,4127.783,4133.693,4122.065,4123.644,12907
2026.07.08,07:00,4123.586,4127.399,4114.635,4121.377,11063
2026.07.08,08:00,4121.434,4121.434,4052.136,4056.751,48025
2026.07.08,09:00,4056.686,4061.129,4041.390,4043.413,25500
2026.07.08,10:00,4043.465,4058.601,4040.309,4053.007,16333
2026.07.08,11:00,4053.072,4072.554,4041.289,4062.026,23175
2026.07.08,12:00,4062.132,4086.578,4058.592,4072.276,26300
2026.07.08,13:00,4072.147,4083.156,4065.203,4070.704,37475
2026.07.08,14:00,4070.755,4071.611,4033.756,4040.934,33295
2026.07.08,15:00,4040.991,4043.909,4021.682,4034.115,24062
2026.07.08,16:00,4034.169,4064.556,4033.141,4063.597,20841
2026.07.08,17:00,4063.715,4076.507,4059.748,4065.776,15248
2026.07.08,18:00,4065.462,4091.632,4063.476,4084.219,17407
2026.07.08,19:00,4084.270,4091.449,4078.141,4080.041,13494
2026.07.08,20:00,4080.095,4083.633,4071.647,4077.436,7728
2026.07.08,22:00,4078.039,4079.971,4072.608,4076.641,5286
2026.07.08,23:00,4076.662,4077.885,4071.886,4076.312,4656
2026.07.09,00:00,4076.120,4090.029,4070.116,4073.988,14887
2026.07.09,01:00,4073.920,4078.935,4062.396,4072.792,19388
2026.07.09,02:00,4073.096,4082.838,4064.401,4065.179,12141
2026.07.09,03:00,4065.119,4067.649,4054.169,4064.096,10743
2026.07.09,04:00,4064.147,4064.688,4056.369,4064.186,7629
2026.07.09,05:00,4064.237,4084.310,4063.540,4081.924,14965
2026.07.09,06:00,4081.976,4108.241,4081.419,4108.104,19338
2026.07.09,07:00,4107.905,4111.298,4101.343,4107.749,11009
2026.07.09,08:00,4107.801,4117.842,4105.184,4108.411,10565
2026.07.09,09:00,4108.460,4112.470,4103.123,4106.182,8917
2026.07.09,10:00,4106.232,4110.198,4093.573,4098.965,8482
2026.07.09,11:00,4099.047,4110.682,4097.775,4108.564,9537
2026.07.09,12:00,4108.659,4122.770,4105.073,4107.839,15617
2026.07.09,13:00,4107.782,4129.631,4106.711,4121.923,22430
2026.07.09,14:00,4121.838,4136.355,4114.173,4127.671,19944
2026.07.09,15:00,4127.735,4132.809,4124.683,4126.682,11431
2026.07.09,16:00,4126.632,4138.113,4125.728,4127.884,9371
2026.07.09,17:00,4128.217,4138.172,4124.869,4136.002,9227
2026.07.09,18:00,4136.175,4136.279,4121.334,4124.596,6799
2026.07.09,19:00,4124.547,4126.944,4118.677,4122.286,6182
2026.07.09,20:00,4122.237,4125.536,4120.547,4123.966,3451
